unique_identifier,number_of_days
IIWLV9,2
A1Y2YB,0
NYT6PB,11
6YX3NS,13
J2TCCO,8
1WI5X1,15
K3HRPD,4
AMJR4S,14
09LRE3,32
ZGMT76,8
IF3ZMC,8
Z1EPSD,7
EBEA5K,8
W3TUL3,7
2MA0VM,24
6Y1BXN,21
SY45GY,21
GPVH3B,25
SNQ7H2,8
WY8OMU,27
K37SZW,21
KJJC3I,26
0SN840,29
X8YF0Q,18
35RUNR,31
46848G,29
587A1R,12
Z2QPSE,27
Y0QDH4,20
V6LK37,8
5XURX8,9
9S3QVV,11
ZYUZIE,17
A8LXC7,9
PB1XW8,6
JUD8ES,18
HOADZ3,18
WFKR58,8
SSAPDM,16
UMHZW3,16
72GH5P,8
E2A5CZ,9
3CNNPU,9
14EPFF,15
MJ0479,20
WIU2OW,20
RUNKWR,26
4FAU5R,13
OD8BVC,32
I2MARA,12
4DPZXL,26
NU5QMB,23
FL7O7K,7
EW3NH7,11
MU1HBZ,12
P2DTPM,9
FZH04C,9
PMQT55,12
JEL1O8,14
LK89IU,14
V5YG5J,11
3YP6CP,20
Z6MTHL,16
3HIMYN,13
5VGCX9,16
BNJTUG,8
BSKULG,12
FLZ3MN,6
5FAQWZ,16
GQWJTB,25
RVQVEG,17
61I50D,12
MIPP0G,15
IKFHHW,9
ITW7HY,3
NRPRML,11
LPYFT6,24
SNJTRU,21
POLBM2,21
LR029X,10
ZC0ACZ,23
8LPXKA,8
5WNFRD,16
Y7QEJI,30
EO1SJS,20
YHJZOR,21
AGJ6LJ,27
BZDTGQ,27
I37G96,9
ADDU9L,4
YF2W3T,21
W9ZTHU,12
ZPUH2W,20
75QC1Y,17
DIZN5O,21
WY2L4S,11
K6K6V1,7
QUHN6X,19
BDSPVU,8
EKPOQK,11
UR6QPC,16
WSPUP0,10
8SJKYO,14
6JMM30,15
OT0XGA,12
OM0Y0H,12
W9JD7X,8
TAT4QF,19
05RAJ9,21
8BF8J8,13
L7OGS4,19
LWAPYE,10
2S9D2S,12
2FOGQW,6
7J0R1O,15
OLRW6P,12
P0TMX1,18
1KYSC5,10
R58F1S,11
2S2YO2,9
WU27YA,13
RI8T4O,12
KUDAPO,10
SWE6S6,14
QZPEXZ,13
A9ZX46,24
JNPXJV,14
ZMFETP,29
L6XP5B,23
35P76F,19
8FHYCA,15
KNIFN4,7
EV7HNC,8
T6N45X,22
MD31S2,36
MRWHSY,18
G0K15A,8
MNXBDX,13
4S16KK,7
NJEB5J,25
4KIC4A,15
IIZF8L,7
L5FOIW,13
1YU4B1,15
7WJAJA,11
0FG3OG,30
KLE5PQ,10
WA5ENT,9
0FV5LK,9
J24RNX,12
ZXYXY2,26
I9FS9J,8
CAPCUH,25
16I9WG,21
BXNMDB,14
HYET28,20
CBI3PR,21
MR90AV,14
PN63W8,12
B1K6QE,18
WC654O,28
LGK4EA,21
P8092E,23
A8BNCP,33
FPVO6S,13
KVZ0TZ,11
IPWIDR,11
ZSBKWX,23
893PWQ,16
N4P0LI,29
N13XYS,35
J2HQE9,8
H9IWEC,11
M4MVJQ,11
V0CNB5,22
3NV37S,14
YGZHOH,3
61Q6CF,4
LD97EA,9
IV0YZZ,6
WF9YZ4,26
43OIHN,12
FFABRO,25
J0M3QS,14
OX6IVP,14
NBMSX9,3
3RF0BC,8
4I5352,22
V857ZY,22
4PQBQH,13
61AEJQ,9
ZRMPND,9
2Z9AUO,14
GCL06J,27
5E6P9M,8
1OONR9,9
1FR2RS,20
HPQD1B,28
Y6FIB8,14
PO2ART,19
E1LGP8,28
UWTHHB,7
TO7CHB,12
A0J96R,2
PCFPCG,13
OX1NQP,25
EOBNF5,18
SHPQNV,14
NTZP9T,14
66VR3B,32
POAOF0,22
AU3YM1,24
85BUUO,7
FN5PED,22
EXP5UJ,26
LYA7VD,21
VDBBQ5,25
2XUG2E,9
RFEUSH,21
U38ISZ,19
ONTAUT,11
3CYNSV,19
TKK396,9
S2U1AZ,17
LUTXD9,23
DC375R,20
O91V4T,19
7U0H87,20
XF50MH,9
LMB1SO,10
EOV3QT,8
YXCUQ9,22
Y2MTYZ,8
130CFN,27
VZ76IR,11
7SOT12,21
14NOEK,17
WOWTST,11
K0SAQE,6
Z796MA,12
T75Y8L,16
OLTHGX,26
T4R0O8,12
43A5DM,15
F137ND,18
MKB37H,16
UFP2QB,11
EEYI57,18
S4ARBG,23
A8HHO7,16
8RT2FP,36
5H1TW3,13
PMHTUW,17
DA41IZ,12
0CZMXL,20
8J4715,29
4RX6LY,10
G4DBI1,9
FNQVHV,13
3GGYG7,31
EBIR9X,4
4ECJUO,11
OCVEHF,24
0Q3UFC,22
3B3HEC,38
M4USLI,21
0151GI,8
1QX8UA,17
F99UNF,20
LS49ZD,18
POUCC7,22
MZ6Z9Q,18
TZO2GI,16
1I78EH,13
GNT68T,16
K1UJL7,16
Q1NRQJ,22
5WP02V,28
95K6AH,26
7CSN7I,24
0CXI1K,14
GPEEV4,26
TFGX35,22
1CBV2Y,7
BX51Q8,7
QDJ9VP,17
HU6MIU,11
1JIV6P,11
BO0WVJ,14
9CLVW8,11
1MYL4K,10
F7DLGZ,10
218574,12
GDS34J,21
M94EZK,14
MGTH0R,38
3H8VRT,10
ZO5Y1V,17
L1U4HY,12
BAMK9W,13
GWZN7G,24
W07QOA,15
XAK2OQ,8
W1GM4T,11
TK2855,16
3G8VGR,16
8FXU1A,13
QAUHSO,20
54VPCJ,12
86PKBK,14
T0FMZG,22
XS0XY7,14
HZUACU,23
YGKB85,8
S2TA4J,13
L64FA7,13
OHPZEV,11
PO303C,8
74NV6O,14
2RAJ09,3
UYDYWZ,14
S7ZZB1,19
QY8C1E,7
3DOC65,15
76Y4VI,16
8Q8NAU,12
PM4YJZ,18
YJLNLA,15
JR1SDA,20
5H9YIH,15
Z0YJE6,7
0FWMUH,23
YGBEXW,17
ZRS4IR,28
UTSSY5,5
MYWFYE,8
5KJB6C,19
KF4L6J,6
C6G8Q6,14
NV3C4B,14
B0UN6U,16
W3RIGC,10
090WJ4,11
R324N9,11
QEPZXX,14
GPPZG4,16
YGY51R,9
GKTXBS,15
RGCE4A,23
JHB2LM,21
9Q2X99,22
KQEMEB,15
RMRI25,15
NZLF0G,27
9V5LC6,11
MYQAYX,14
F2RLQX,12
U6KIMV,13
AFPDS1,15
RK4C1D,18
RR6BS5,30
OS5U35,6
8YQG9P,17
ZUHAOQ,19
OJ1JUP,9
WWGQU4,13
580FRJ,25
NFYDX4,3
OLC874,23
BO20DH,13
WPLTO4,22
CICLOP,18
LIXUVY,22
G69Y8U,2
4MABXY,34
YJRCK9,21
I84PT1,12
A7F9WL,18
0JP90K,19
BN9WAG,17
QS6OSS,14
JNJJXD,22
7FWSCZ,16
53PDDC,24
D8SHGC,15
0PAPTU,13
AGBTWU,22
X0QY6D,12
T39LJA,18
PUPU0A,16
9IODUO,16
CQ5CCY,24
ICKWHN,22
Q8QFR7,17
TFM914,29
ZSKRJQ,8
DPB31P,14
6EWM15,30
QEZ2HK,12
GXKJ52,17
YG8HA9,27
ORU6FH,31
7EVIXY,11
PA8MHE,15
IX76NA,9
C5VQW0,20
O1IK8A,11
TDRLX8,14
8QHI2S,27
3DDIA5,24
QTH4KT,19
RZ6LYJ,13
RC8XSR,14
S1VPTF,23
527Z8K,7
DDAQ1B,7
QD2C9G,10
GP47UZ,12
NKY4AN,21
NODBG6,15
VH5R4F,21
6I7ZFX,10
LWN4R6,14
OYHL6Z,7
57R01S,21
M4NPEH,36
QID94F,30
OFSM3D,9
XG7MBK,15
IXPRKS,19
35FK36,14
9FIJCX,24
IGCNLF,10
9EEM1K,14
PG6CKB,28
CSUBKH,10
8NCF1F,10
6IWC67,8
MZUSAN,16
FAMRDA,7
LWFPWJ,19
TQJ53U,19
PTPURB,14
PM2V0Q,17
O647YX,21
67XNDZ,20
A4B74K,19
50L3ID,9
KQEMYG,12
1BFWFX,11
GDMPFW,41
ZEE18I,19
0OIWAQ,18
T62HQB,20
1AZ691,7
YO6KLE,18
XYFUN5,26
5R2WII,7
0DPBSR,4
LXUACX,37
I00UUZ,25
0LWFH6,30
1D9LBB,14
IW5L80,13
WXI36I,13
DF998T,20
47F6PF,19
G9Q9EG,14
E6NSD8,7
9GGZWJ,20
8BVGQ6,19
OJD3RJ,19
TLOZPH,20
VN3WK6,7
1J6L8I,22
IY2HUJ,9
MV9GLS,14
3WTW7M,26
YUWN6Z,13
SB2QDC,9
31U3DK,24
FP8WR5,22
ZQ99XT,15
TTJ4F6,13
RDWQ5W,15
EO2IF1,33
XY2SIW,18
JLZY5C,25
AFJFJS,5
ODVHI0,13
J0K0RJ,20
ZVAZ7M,16
6QG3B4,14
ZTDKYN,9
AW48B1,9
SBG3FI,24
PBFRNS,12
XF2MBC,8
FPAV9U,13
YZNGD2,14
RS90GS,21
DMCIG7,13
651X3V,14
FKRH9U,14
SBNFM3,10
T3BF12,11
VK7FVE,5
1UVPTV,5
51F6TP,14
O4HW6Y,25
8M8M7A,27
7ZHAM1,5
H719ZE,7
7SFGPM,21
TPJ9XN,24
LXIWY3,18
ZI9S2K,20
68MM6R,0
JMCUNH,15
8H1LYE,21
FNR842,10
3T6OOS,27
P4NMLG,13
XQUGKU,19
SFZJYW,24
XDM0NJ,29
U6ADY7,16
8YO6PE,14
9VHP89,16
D5U68Z,16
M56SCI,9
SM7DA1,17
KGMKCT,11
JX920S,3
0D8D4V,19
YADJOO,20
GXML5H,20
1MGQZN,25
N93QHM,29
IJ4LSC,18
REBW9B,13
WKRZLZ,33
4RV8P6,10
5UE5DK,10
PV0XAH,16
7XAHEK,19
I8AY47,17
UD3H2J,15
9YPHH2,21
DAVGJE,3
0QWUYI,16
2IZCXG,22
NEA80F,22
5M6E8I,24
HED1XO,5
X74V7P,4
AXBU36,20
DZYFAV,21
JXE893,11
R6UIR7,15
3DUTRU,19
5D6G4W,13
UA3HRN,17
RHBIRC,30
5FMYGA,14
HGIGGP,14
LFFFW4,23
FFOO11,9
I9UP84,16
PJAA93,16
YHPHA1,16
K5CCAX,31
IIWYOG,11
HE65K9,11
67P6ZW,7
M11QNF,13
OAKSKF,20
JOVFDT,12
M7C6XN,12
78BO8C,16
ZND304,8
ZD2649,12
71URPH,22
H51D5I,21
9PU1EN,13
3BZY2A,19
RV3LO5,28
MVGJMV,27
J9RYMN,18
ZR306E,15
B1V8D0,16
AJ4LC4,16
1093TW,16
58FRJG,16
PW1H8Q,21
E96M8I,21
41CGL0,19
9RIVE3,28
AUA13P,16
SMJF5U,4
4ZAOIH,4
F0L7OX,19
72S5GR,28
L1WPT0,28
4W2NMS,8
F3WNBK,8
N65SFM,32
SENNEQ,11
C8IEOJ,9
VI0B7W,12
AF71LW,21
B25EL3,13
R70FHX,25
Q3TQHX,13
ZOP2NX,13
S37RBW,18
UN7FPD,21
4DYXIR,12
90PVUP,14
FZL8X5,15
L0EUEA,12
BVZNEK,25
31IZ5D,14
Y5BGHH,16
S8KPVS,20
2X2JHH,23
PNZWNW,6
DTVNA4,20
ISY60Z,23
A2EQUN,24
1K06HT,15
Z5RRKO,10
IIFUWO,10
FJ6C4Q,14
QNMA9M,24
UMBVWC,25
HJD8AV,3
3L7P90,13
0S45WX,24
GFFWPM,9
420V5N,9
9P9XAI,26
PGZEQ6,12
T5LDZY,12
NDJ8S6,9
T2RZAK,17
DOP0PW,24
29P70M,16
PFMG3N,13
HEID5V,11
2JXNB0,4
UZ2BNQ,12
A3EC3H,21
FZ8X89,13
0TPQT0,24
ITZQFD,18
6U1T0V,7
FURZQB,15
NU8PWG,5
XOPGIO,16
3513KD,15
5WKU4I,27
XP1DQ2,10
T3RP7S,16
8M9E16,12
IBM0ZW,11
39ICEG,17
42T2ZC,2
YD5V12,12
VRDVXA,22
H23M0W,20
0JXS2J,14
ZQN371,19
5DIBGQ,13
IGT266,13
1QPFAS,22
5CBXDY,17
LNTQTC,17
4T7HR1,23
IDUY8T,12
GU7NF6,11
5E8WAL,16
UW9VXJ,12
5G0INN,14
D3W9LJ,17
4CDZOQ,12
QCDPA5,13
SX8KIN,32
JVG4BY,14
6L57Q0,14
C1XCC5,15
2CXPHI,12
M9YTN7,25
YZLW94,11
659LHP,13
MGS6HQ,11
9BZJY2,13
90F17K,30
7WCZX4,8
XFA61K,19
TH4BLM,12
NDO39S,5
P5AJB1,25
PCPBO3,18
Q9A8DG,20
9VC66K,11
OOPTMS,19
05AJFS,8
T56950,18
4OAKT8,11
OZZR2D,6
2ICJAB,5
WIEUT9,18
C1NQ0F,6
4AV0V9,12
62FAEY,2
8XRKDO,16
6RFNWJ,12
1YC484,18
OT7LH8,23
X5U2SF,28
5HEM3A,10
QKOBOX,16
ICU5UJ,32
J9GRB5,19
U89UHY,18
DRXDHH,27
W446ZB,18
1H2HIB,16
0IYAKB,6
5DYXA1,4
2WSG9H,20
M96LDJ,15
KJN87F,36
OF0AC3,12
KPONG0,15
P0PS6L,25
XWUS3C,17
6OSNGO,20
MDI3MZ,4
T8IQRY,14
8QEARU,20
BP77BH,11
CJM1VG,11
3JOQCJ,4
DT8TC4,8
BBSDZM,22
6Q7SWC,12
1MAMAB,16
28KS1V,15
U60DLO,33
23Q1SP,20
FKH0LT,14
EFGOX7,17
PLUAUC,17
QY146F,24
QKGVHQ,18
1D8NDC,26
YMH41I,15
THP53D,24
GOG1YB,17
DW5T1G,19
8PWVFL,15
M0JMLZ,14
FURET9,8
KKUJ80,15
F08UZS,15
BCQ6UI,18
3BTPQS,14
NAUI8H,10
T3EQPH,20
PA6ZBT,17
UXBIO9,13
9RGCG6,14
Q9JWM3,0
4NKE42,16
8RAWS0,15
WSTSYO,27
W7SKN1,15
EXWIN3,20
EFAWYW,9
F3WFYL,13
ZLDUC2,22
9D3C0F,13
D33R9S,14
DFGMS3,13
N60P1I,22
7S0L2C,16
LZYGV5,10
TP46N3,3
7CBCFU,4
GRRCKH,14
EIV4S5,11
4XRGL6,19
J9B538,9
SST01W,3
ID9AUS,12
XCRD9J,16
3TPH16,7
VNYTE6,22
C6CFX7,9
R3XIQ4,19
ANEY0N,33
T4D867,11
S8VM1M,11
C8KGP9,20
9N9UEF,14
GV639X,9
CS8DE1,31
KF1XY6,22
H9YSKX,16
WSEBJF,22
15I5NW,13
B5MWLP,14
OPFU2A,25
QPYTFV,13
3OJK74,13
4IQKS8,28
H5JXEG,11
KUDY9Z,21
PBA7GN,24
K5WXGK,23
9LXVNT,11
VB8O9W,11
UKKD3W,21
302XL4,15
MUAH7J,11
GD9DKP,13
YNYZWZ,25
YX7VJ4,12
G4S15X,13
LE3752,23
SIICXZ,12
JEITM7,14
2MJV7F,22
QX0DGB,11
FYQULD,6
1MVKQ0,18
O4P000,19
5CCIAJ,4
9NU061,13
HQSQVI,14
21J26O,10
8NTC8U,25
FH5M5T,20
56ZWOH,20
VPTTOY,19
X2ODP1,18
GXJ2XK,6
ODZUX5,11
3H62YY,13
A6B72I,17
PLCNKS,12
86EOU7,10
JM0PPN,8
QEYT8B,7
ZUOUF0,26
P5AGCQ,18
2JOVDH,18
4M9WAE,18
D80H28,17
WGTNI0,13
X6P2R1,10
KSKUSL,7
ZOCRVA,19
XNECSC,15
RU4CGL,17
8H9EU8,16
86LDKJ,12
1P4X78,19
2Y1LI9,36
8HRJK3,7
1ZLWOB,7
MV7AEC,14
FH9UVU,7
W6ISNS,2
7WVAMV,11
1O64Q6,11
LHVYPF,12
6QK6CV,18
32VTRT,18
2OYP11,21
5DI20W,27
8G7BKG,19
0SDZS2,12
Z6H9QZ,20
0YWGXP,13
6MEEQW,13
NE8RZV,6
3174VQ,8
PNAWB5,12
8LL2LK,26
RCBQLF,16
GLBAEQ,22
3O2YQK,9
AJK6G7,19
M4O0ZB,8
Y1UYZ3,30
FIAZTQ,22
RM4GJ8,15
DB0YA6,11
ZMR358,20
5Z5Z35,7
7JQ37R,20
ZPZNLB,8
IA95W9,20
LGJ5C6,20
CP5MRM,19
EV2F4E,30
BCD7EE,8
AAJ8E6,15
DMB6F5,14
70APQM,24
19VUJ7,11
MUX9C2,15
QWDVPG,14
8ZSD2W,9
TS7KB4,9
IM5P27,11
84UT45,13
UHYPNU,26
N13KYN,22
WMECHJ,22
9I2VP1,16
VXUW0D,25
HV0EJC,13
YV8IJ1,9
BNYUHV,6
CHER01,10
Z6I955,11
Q8WARY,7
5JQN0J,13
N5N6S0,29
ZHZ6AJ,4
31RGV7,6
XPPX10,9
YH2I3S,32
M7IXQ7,16
FCQ7O5,13
4O8JZS,15
KSPZBN,15
BYI6GX,15
ENR4GX,15
M1GQVR,20
0G0CX9,22
TQB27B,18
P368FQ,11
5WBD0W,16
QZSJWQ,4
ZCCI3M,11
PX5T9R,17
6X4O9A,22
PEAZTW,14
K1WLYQ,5
BXXABO,21
IB0KC7,9
12HP01,23
MGEPPT,21
C48T0L,17
NTXTB7,16
LJ09XC,37
X3RPAR,34
8F2O0C,12
7A3SFW,19
I9NXFO,23
YRZHIK,5
XL6CBF,5
SGEKA8,15
YNTWN1,16
Y9PRW7,16
AFWUNX,17
QOHBLE,26
JRKLZI,22
KLLKDP,26
9BIJHD,11
PHEN28,15
NA1CZ0,25
NNAEEQ,18
GIUR9J,9
I7OD8J,29
I2ZTM6,17
X33EZ4,15
54RCMY,21
PLMWZW,16
S141Q4,7
CVRLTC,25
I92NPK,20
0N5ZH9,14
BM5IQ1,21
GKDTAU,15
00MIRC,15
RW5HJJ,14
I1IHQN,49
8JBVXO,10
ZVVV8S,8
TRW3E4,9
71Q8PZ,40
CIQ386,10
TAL446,14
1OKSR5,38
I52HTA,22
7PYPBB,22
K7PAA2,18
G75M0C,15
E5UV6S,41
ATIIQ1,7
S0GPUU,17
14CZS8,18
FBN8GZ,15
OJJFOJ,10
Y1TZ4A,13
406FIB,7
RJF5MP,19
91PN27,22
MGTEDQ,10
IWPSEU,17
WWKQAX,22
3PZVBJ,13
NIQEEK,7
SH2TJ1,25
G5PFQ4,20
PAVRLH,20
7N135E,16
ZAVAFP,15
6J67Z1,17
DR8FQR,13
WE1THM,9
9WLM93,9
Q15QL7,16
4R45D0,12
TA9B4Y,10
2AIJ4Q,25
75W3NG,15
M79GLR,20
ZY6VXI,9
1PX5DB,7
VKID8X,27
BK4MNM,14
84IV2S,19
52E0KR,23
S8A5CF,19
7NQJWS,19
NT76Q4,17
W9D66I,33
FL7DSJ,16
VG8LFO,7
VZZMW2,15
X371F4,12
0L8S5O,11
84VY16,23
TVW3Y4,15
ZDGXIZ,16
TQF8DX,20
FVPCOR,19
NJUKOY,10
E92F0I,17
BQF8PS,13
UZCBC2,8
4BACU7,23
WEGEK5,18
XNGCH8,18
Q82K6P,15
MKC906,17
I3AZQA,8
TE12V6,8
E5PHEJ,21
AFHOHA,31
27LVQ7,15
DIJ4YD,16
4A018G,16
N8VC05,14
EW562E,11
EWYOJZ,18
PRE7FP,13
07FVTC,13
9T5KFG,20
2E3ID2,18
XT1UUM,28
0VS8XV,17
KQCXMB,14
I4YPRB,14
EP7J5N,18
L7M18V,11
4N17QQ,11
LRFLCI,32
1E65SA,20
IWLK8R,10
KCDRF1,13
3EIW2Q,4
8Q2DHB,15
6FFL1K,8
J2SOJ5,12
SN1HXJ,9
X8GYKN,29
7KS8D6,4
C9FT2Y,10
BEG0YX,11
U8YW0G,9
6TRRT7,8
IH9KK8,15
5TA1X1,13
UCAZSQ,7
Q5NJAO,25
7625FE,20
AIBSNT,15
W4GTLM,20
MKF8LQ,14
VNFKVL,17
QBE6V8,20
HDDZU8,20
8URTSH,14
BUEM3W,9
JH1N4E,17
Z63AN3,11
ONG6SU,11
Y89JDZ,8
D7C5WP,6
C34KYF,16
R7AO36,9
JOUV7B,24
HX9E3E,6
5P9J7F,26
C6CN3D,5
4UCIKK,29
BLRCJQ,29
9ZNYN6,29
GV6XPI,10
A7CP87,15
UHO8ER,7
0WGLYK,19
05QI2J,14
J9M8MO,12
PRHMUY,18
BNEEY7,5
I65SYK,7
NCOC30,15
KOK4L8,9
Q7UVPC,12
VL6ROX,8
K3BJ0D,26
TAZZ0V,14
YCDBQ8,16
ARNSE2,16
2K130F,17
PGJPY2,10
Q2QRN0,10
EA60PB,10
RYNHDL,8
UW2Z4T,29
I3OCPA,17
U5YKVR,11
OXYMTR,16
CPL0R0,14
GL6UFD,14
XNJO10,12
2ELLLZ,10
3K9Y52,16
0B9GKR,7
8BMXU9,20
T2BOKT,8
URVGJ2,9
G8D42X,14
O28T4G,21
7I4WTT,24
A3T17P,19
L4EOKV,8
A0RY31,6
Y062TG,10
NSRNMD,14
L47YP3,22
6P1JWX,18
8GM158,20
4VSQ3Q,13
AVXQ0Y,25
SFIOCQ,8
JO81VO,21
DVVPWO,17
YP6D1M,29
G2ZH33,10
5VH62C,4
EO4TE8,21
L2WXXN,24
9H50RV,18
7P0NNS,12
H23CDH,8
9UAQ87,17
FAUDNZ,22
JYV9TK,11
7RTFOV,19
AHGSEZ,19
WEMOQF,30
NOO4IS,26
UR9IDI,9
HMG7IM,11
4N4HR5,17
GT2KBK,23
F36SN0,22
PR04T0,13
GCDRYK,21
J9O8VR,29
MBGCJA,22
OQ09F3,7
SS8IPU,26
MVRIJB,13
B5C6RF,14
YPVUPW,21
80YRYR,14
KBTUQ0,25
5W78NP,13
W5QQG9,16
3AWWVO,14
AQPTPJ,12
JY8O0D,9
SFSY6J,17
IEMBLM,12
UBRA2E,10
6O4ZLH,9
MNL7YY,12
NNOLJQ,25
02WL62,19
YPKPV2,13
KMN5CE,12
SGD32D,12
R59IAA,12
XBGXD3,12
HFY9OZ,10
TNFTJE,21
F5H80Q,21
KI4BM7,12
4ACUIT,12
PMT7UT,17
QEAK0F,11
NWFJ1L,22
PUJF1C,14
7SBQ8F,15
MKYVCC,8
P9MEP6,8
KJ2CTU,10
6K4IMN,13
0B7V8M,13
ZFMGWS,12
P1R1BS,20
UQLHNM,13
VIVJ6Z,12
4H2KNP,4
4TRGR1,26
H9RPAF,13
8DDII5,30
YIH16F,18
TESX15,12
LV8I76,16
TOPJXA,18
SZK635,26
963TRK,19
RBPS61,10
IRGT5Z,9
HV9YK3,29
J2MQ3M,8
WUAP39,15
2QY6IS,24
KALQMX,11
WMQR1N,22
2V71WP,16
GR8XNF,7
RQHW37,26
MB6TIX,17
3QDSD7,25
5LJGW6,15
Q2G2GS,15
C7DE17,21
FAAM5F,12
4FRRGV,6
Y62WRX,12
2IO6EK,13
YI3LS4,23
8QQ0YJ,11
SMT119,14
MNTJMQ,12
N8NR1C,10
D9386C,21
NAP65A,28
EF9KOA,15
OWLGP0,12
CR9TV6,5
GKCGSM,18
CBF8MI,18
8C29AJ,15
SPJD4L,10
L0HE6M,25
X2K0P4,33
LP55VJ,35
7TE790,22
NME34O,3
9VITUH,3
EDXTA0,16
QQM6QP,11
Y002WG,14
S77HZV,13
TQ661L,11
IHZBQK,22
4QCCMM,28
VEHMEN,18
N62AWB,19
VJ9XS2,27
6RK1ZR,10
RLLN4J,14
8TY7PG,37
07292X,12
B9U6LI,21
QZDJVX,27
496CCX,22
HP7A2B,22
6WMWXO,18
MN8FMR,5
MA406P,17
3QZKAA,18
8M33U0,14
CPV93F,9
FSJ2Y2,26
KBH9OU,11
CK5JWE,19
SEYS03,18
UURL9C,10
77TYTD,10
5GPXV0,17
1IT8K4,15
G9TCGR,15
2UIKGE,12
GKFOZ1,25
DKUL1B,14
WPT3ZD,14
7QK44S,14
JO2UB7,22
UQ9FQ0,19
DSMW33,27
LHQW5G,17
WSIZ7A,8
P243VE,10
852VAJ,29
4PVH8Y,28
PF0V10,18
AFIWXM,4
5S3HW9,17
9FUGF6,17
8CAKML,17
O6CHST,21
NQ4B70,11
GQVMIU,11
VRV5TK,20
RPWN17,11
79KSAR,13
1TPDRA,34
0MI1YV,23
L4CBHY,19
F5DSKO,26
JFIMR0,13
ZXQDXS,27
5P3H3K,20
8YFSNP,10
SPCDFF,16
FJCKC8,18
C2R68C,22
Z2CARF,6
4P6ZBS,20
MRF9R4,12
FFJ6N7,12
9DOV3O,16
AP1455,10
AA9T7N,8
VMY37L,16
9O8VD8,16
84UKSS,10
ACC6MG,18
MUHM65,10
X4AWTM,17
HWXZ80,22
54XKX8,14
MF2F9P,24
ZPEIEG,22
M1KCG0,23
NH7ZM5,36
UU5VI3,21
ZMRFJ0,22
FEW3XM,13
B0YG3A,13
5YFRV0,18
ZXI709,16
GFXXHQ,22
9E3HWR,29
XYBC0W,13
E972LF,23
A2BQW4,19
AF8F96,7
AJQJEL,24
P56P1E,10
R9WVFT,11
2TTKP2,7
CB0GL1,12
RU8O2H,20
2CCH4Z,11
YL4E1W,14
K1QUXD,30
OHPSUQ,23
PB7WSV,13
O8Z6UJ,12
9TXPKS,20
3MTK71,22
X0EHYB,16
YQ2X5A,21
6DCW9B,11
9V60PE,8
3WM26N,18
9YZBIB,20
W0UPQS,11
ZHXFK1,11
FS1A1P,21
BMJJKB,2
CLHC8J,5
FNHPJ5,16
S3PROQ,17
8YQX3B,0
97OKD6,25
F8T5ZD,13
SIDMLV,16
3B7NPJ,14
EZAEPK,17
FZAJLD,14
RK2AJY,4
XELEDE,17
E5ZV79,14
WHVVXE,12
T1TFZQ,30
TGVXJ0,13
6DEXWK,17
77P7J4,11
NXZC4H,12
S7N977,19
SR905S,5
IMG4K0,3
MNQAIA,5
HVA857,10
MAG4MK,17
IQJENV,17
UGTFWA,7
OGCLSY,11
OBY2V8,10
OKQJWR,3
A2GV20,13
311WXH,13
LK7HAR,11
G5XH4N,37
A2QD7D,25
01KZII,17
I39K6E,28
A20RT8,4
Z0ZHPF,6
XTQWRO,40
HP9Q30,5
DKNDYN,6
U3BQC0,13
33FJ9U,15
OOO8K7,18
75PNDW,7
L5ONOG,16
0FEUYQ,11
MJ1Y2R,10
ZIKJ0H,7
2PXXZN,25
1KKL6L,15
CC2UU0,18
R5NPTQ,1
H5IORZ,6
67Y8P3,9
XKWABL,28
2P1JX0,18
Q8PTP2,14
XD8VX3,12
J76ME9,13
J46D3P,13
QU6QJD,11
IEQ305,10
E7VPN9,10
JTJQIL,17
5RMWV3,16
PPO79O,3
4JT4TE,3
FIIIV3,19
X350FU,15
LAP5QO,14
KBY34H,14
RZPMDU,18
D8K18K,33
IO1PAO,3
1MWYJA,23
8RV71B,23
FJAUJB,32
4BU9OK,24
SXL5Y6,10
TKRTOT,29
MCBA34,2
0NZMIZ,10
U4MYMT,20
FCCRIP,23
Y5ZIRR,13
TTZP26,15
JHEFMA,12
Z40UET,28
SKNLZO,17
RVQ9UF,19
6W5UJA,12
05GXC3,21
DP6MU0,11
E7LYIO,25
LSYUD4,13
UM4SGS,10
DHK7DH,10
6MOM1D,19
X9444U,28
JPYARY,12
ANB3D1,17
EJD5BK,11
W8CTE9,18
9BCY5N,14
KMF08E,18
AIX8LB,15
69GAL6,12
DPSL5G,10
L2YJQ3,15
ST9K6S,20
4CMIJ9,14
CA1WID,18
OXRP9L,13
KD8JDN,28
O3G3AW,15
B5XMET,15
J662C8,15
C9WA5B,27
UC74XC,16
JX8A15,8
87DH33,8
90NZVW,14
1XEP7E,18
F2HXDX,15
7EWM6N,14
FRLVG0,16
UJTB4W,8
06XG65,4
XCY4MJ,26
5E73RR,19
VT73ES,15
I4L2GP,13
S0OYO4,17
44V8B0,17
DUM0GB,12
6NJ6E8,19
21KPNJ,9
6W16IT,20
QON5XF,7
ISE80I,21
0Q5Y68,9
FST3IG,23
QG2XMM,24
BKDNHY,26
CUN35I,6
SICBHV,17
MBCJR9,19
2GXSN4,17
AXB6NM,15
Q1UH65,13
HAMMNR,7
0HJ42S,12
LVW595,17
0VHI68,17
0IN0GO,11
A6528O,25
QM2OGH,19
DHKSO4,15
Z25NJX,12
BAE83T,21
ENWHBG,36
WSE8VB,20
DE9BS0,7
8L3H0R,17
CWKLCQ,14
T323FZ,16
WMU1PV,29
U27JD6,26
RBHUTG,16
CGTJ8F,7
UDHONX,11
74E3WU,8
J6Q1AN,23
HW2F8F,27
PR5SH7,31
J4MUT6,20
6EN17O,27
8N7JLG,19
RI94R9,36
5NDRT9,27
QSEM2Y,23
L77R6O,12
PMQKAH,34
LIPE5J,23
SB3AU8,22
P950AU,32
VPDQFI,32
8FIZOC,31
SMIY6Z,33
GZGZHL,16
CMOSHW,23
0QO3DX,20
YSI37V,22
P06IN2,16
DNXBUS,38
UQ6DZ4,24
216BN7,34
QHQDVJ,26
IR39GW,26
N5KD5P,8
6ZS3P2,15
IFH84C,26
CTBA0Z,4
QMVQ3L,24
W4OM3O,23
N7YABP,29
GSWK97,16
SKGZ5Z,16
IR99P8,36
CFSP86,40
EOW2S7,37
YPWAV0,21
VGF0FZ,39
P25R30,18
1TH4R5,42
N00CL9,10
OV19IF,10
7AUW6I,25
G6WJBH,28
4X47DC,19
JWNFNF,19
7BXUQO,11
4W0FJQ,34
BENN17,23
DLQ74S,41
A6KI9F,21
UUF1QW,16
6N9MPH,26
JX0L74,19
2VM8T3,19
CSOQKQ,11
5A3TU3,24
RKAZL9,30
G47BG9,16
J4BK6K,33
1VCEE7,13
SL7PS2,18
3QHZ6S,6
OK6JXJ,11
AT4O0N,7
29T8SC,19
VXJ2RD,21
6KM12Y,18
AKP9B5,19
3FEH3O,10
O0PGR3,23
5KQ8BO,13
OMY2AY,28
A8WKWB,14
ZDMCVJ,15
ERECFJ,15
G8D2LI,23
7V7YY1,17
7VL3VS,17
E3W5X8,17
CT83BN,24
J8W4V6,22
VBP6IM,9
LCJ27H,9
LQU2UU,24
1PV4TW,11
2JCJFR,3
TG3TZC,7
T5PA6N,8
OX9NFL,14
SS8AI5,17
VZ97BP,14
3D8LLY,19
RUP8SW,11
71H3GL,11
AINZSQ,13
E6PR2Y,28
DFKVQX,13
VKKJ7A,17
97VSAJ,30
YGF7EZ,27
FVGUDG,11
N1AU9U,9
60IHGD,22
VAMZ1H,22
WTGOTB,8
MTK993,17
4JKHK6,17
3HNJ82,8
5LFFNE,23
NZ99KD,10
CMZJC4,23
AYOYYZ,21
3JCC9T,10
6B47JQ,23
UEXNE1,20
ZGKMO9,13
MRN8GZ,28
3F19W2,22
T18CAL,12
KVDJZ4,12
IDNKJY,11
5WRKQ6,14
NUGYCP,25
95NDQ9,9
PFO40H,9
YNZEL2,21
VNC267,12
Q9E0HZ,23
QL4ELZ,11
CLAK6P,14
GBAWGJ,11
3SIUCV,7
LNX1IN,13
A12120,13
5NJWTY,15
VJDTOV,22
SJS28O,6
GJA9F9,9
BZHM9O,25
2N8SUS,13
AIBHHY,9
IK327L,9
XTSV2B,39
AKHJ1W,13
2YXXA1,20
TTJ42X,5
CYPNIB,8
X2DM20,16
X6CT9R,18
LHF2BS,11
HYLVIC,11
LI6ZSP,22
7OLUJR,12
JMCAFP,18
JHLX54,20
7K3K8X,15
SP4HIK,11
Q5UX4E,33
X5T5H5,17
21JRP9,16
W08IW3,10
AL4GSI,10
63EBXK,16
YBCBW4,22
NV4ZH7,17
MUQMU2,5
IZALIQ,5
ZFQU7U,15
EUZREQ,22
53TZO1,22
6JFZGZ,27
JGLP02,17
3JCL9Y,8
97G4SL,17
YUB22A,13
868AJL,19
VHR16T,25
LCCJJY,10
86I088,16
69VMYS,28
CBHZAV,28
R3RUHI,29
131DJW,13
IEXO1Z,20
HNU0N2,9
0HDHZW,15
B1YJPW,9
947FEB,19
85YXZR,22
MYNZ1I,9
NADFQI,17
2XUQZO,17
LAPH7E,15
JDH2VS,15
VHHT1B,15
ZCD5GL,15
4I3Q5S,11
AEC4GL,10
IPCGVC,9
P6R7CT,9
9IFWYC,30
BJFW75,20
ZU2T4W,20
ONVSLI,24
XGZOYF,11
BKKHYD,11
3FFE4I,17
EQI7KC,17
9D142B,15
S9PO33,15
STGRU2,13
W4EV6U,16
1EYEFP,16
ORB24O,17
COWGUT,16
DJJU0O,15
B28W2C,12
YVQ8VM,13
R2PCKK,18
LIDU43,14
J8XOXC,11
S6WQQB,9
Q8TNTS,22
K2I64Y,26
F09B2D,28
BWBDCB,9
EIDK9G,29
F09TBB,26
UL4UIL,25
HKXXU8,17
Z1B1XT,4
GX83K5,32
S6X6S4,32
BZL8L8,22
QXNN7J,17
9H5EU8,8
G6KZ6E,11
42C99K,16
NIXE3Z,23
SR27PT,29
508Y9R,9
4OSLKD,18
CXP5ZK,18
E33QH0,21
7MY55L,16
VCBYZ4,27
16CD91,10
0NEF3B,20
IFFZU6,9
JBQXKN,9
VEDSEV,9
RJFV14,24
5SHTNO,15
X02WCJ,17
ZIWKWJ,29
AIFVFB,16
EFIVTI,13
0K0XMH,17
F4T0J7,22
0PCADZ,22
HG7E8W,11
SKN5OV,11
S9ZYVZ,10
816ODF,18
U4K4UT,17
DLFUCO,16
1AENUU,23
K76HNT,23
FX4Y6I,9
8AMZ0Z,11
FQF2QW,11
ANDM9Q,11
Y7O93S,16
BCZ6WY,8
L4IGMN,13
F46300,15
ELANZZ,21
HUJ3OF,21
1KMNKI,11
5ES13X,8
6V3L93,25
XNRC80,20
N6NPIF,21
601W76,18
J3G0VB,18
3TQMW7,17
OBJDBA,11
GQ1EMN,27
5KC5XQ,24
D4HA24,20
TXW8E1,14
FQNH6M,19
M7CMU8,16
SPN0EI,19
2MZTEO,25
VG0IJ2,27
4F1DRT,17
YP44Y5,20
MF87QI,14
TDJG3Q,15
Z0CFC3,16
JUW9I5,24
I11SD7,20
678FF2,23
8S06WH,13
R3VSCV,19
1KS6GK,15
CXT1GD,23
JUZFDW,18
44JYJY,14
FP13OX,11
3KXOBK,15
0MMLNI,17
BLT3Y0,17
R18IBT,18
Y8OXI1,20
G9TUH3,23
V5VKWA,23
9OEY9W,17
DV04WX,13
IXHXI0,21
W2N51Q,15
HR2M86,16
URTY1Z,19
DZ809Z,14
MD70GN,11
TQAY8Z,23
UR5ELB,18
GQAEXY,20
ZZXT7Y,16
1EKR06,15
XZFHFR,24
IWKHH8,21
FXNMC7,19
KL2B6O,13
OR0X8J,26
8VTAHR,16
CN86FI,22
V4AWHI,19
T8NBVY,17
5RDWZS,13
SCWBHA,13
HTTW8H,25
OCRQ3U,11
V0SO1Z,24
YIEBME,18
ZS0ON8,12
KGX7NK,23
0RLONB,25
M0MLH5,16
44W8O6,25
FXSE9K,18
21TUWB,15
Y3E9YS,20
77EIJ3,22
R8WZH0,10
YUM28H,19
FW026Y,17
ZMU0AF,7
Y555FQ,19
6O57E8,14
8C6P7T,17
LVB629,20
UALLAG,16
R0A6VA,17
9KR0VF,9
QUHS89,31
60YH5A,20
R7EK01,26
J1MDZ2,17
V16TBQ,13
FPOGFB,11
69HC1W,23
8K86O7,17
LSV12U,19
PM90VT,14
9NA3AU,21
THZL7C,5
56NXJS,9
WUIFXM,17
6KHNFE,15
GHHEUJ,18
SPOTEY,24
DUA2FU,20
VWQL1J,14
U4O856,25
D3J6E3,23
MI5DQW,9
88ZD9K,30
CYZIDX,22
5PXCAZ,15
3E86FH,27
P67QPY,18
INHCQ9,13
60Q12D,25
0CCS6M,27
7VZUPQ,22
M5ZNBR,25
1K6O7S,11
H8GL3P,17
2HBN69,25
LGPQB7,26
60HRCS,11
PR3RUF,11
0PRYVR,8
6W8AA2,8
EQV0P3,21
GG9T32,17
8K5SNI,20
U7QRVP,17
0JTO7K,19
QJWHX4,12
6V6Y1V,13
D0ICOZ,21
OEDZZZ,3
BQHLB8,33
YZQU3A,38
FXQGTI,18
HCCV2J,18
280VZ9,18
FEO4PF,18
ZVJNWU,16
4Z00X1,3
JY5622,23
DC2U2M,27
C7M9EX,22
GJVSOE,16
8JXDDR,6
X2TCZH,5
XATNSG,20
NQE7LD,7
FEIBEL,12
RR3UL4,19
4I0YAV,18
P4ROZ9,14
1KS1LZ,15
MQRKJC,8
B1V7K1,10
ELFHFD,9
QGL8XL,11
0BLADD,13
290IS0,9
7DRKFB,16
NXN31U,17
MKT60N,13
XR6XX8,13
7PGPID,22
ZGGDT1,12
PL0M4D,23
RCKVH8,11
TJNJ5S,23
2KMITS,12
8DRUSB,12
DDG5FH,10
1MTO3K,19
RPHU8V,11
E9GVGO,10
X0ZFAB,16
IKK99W,11
J03CV8,15
64OHLF,15
MP24IO,16
ECY60W,16
1D48QO,15
SPUS0K,9
DLAT0X,9
B6EPHE,17
RE8717,11
U5C3G7,11
5XFVCK,24
43AWRW,9
YP24QB,9
2S344E,9
S7EP8U,10
0KGAZS,29
DNVHEH,16
A2UKBD,8
RQL5WQ,4
BNOLDZ,15
SQ5F17,13
LMAC9A,13
7LHJM3,4
EWFF3B,20
HL9YVD,21
29PDP7,18
EENQVS,14
J1BA3Q,28
NZCXGC,13
W16FWR,9
0BJ2BG,9
2J604R,3
HRNIA6,12
BKLXNB,14
PK2LJE,7
5I2SZU,14
LXA8ZW,19
RIPMO1,11
7GV9JP,22
VU7QDB,9
ANCSJ9,5
XH11ZE,13
5PTHUC,14
SRUWMT,7
FWAPC3,22
BM5TXD,9
P0GZZJ,14
BULNEY,15
FWFUR3,22
81LVCC,22
L1RNIZ,9
DHB71O,15
EAH5XQ,9
39XSO9,14
H1ZOR2,17
YUYK08,15
0R3Q3N,19
NN2X8B,19
8IKSBU,10
3KFI4P,12
DX4FN4,13
J183TC,10
ECK5LX,14
758JSC,12
SPZATV,17
NU2RXH,27
NL3PCX,29
ANU404,19
EPC1Y8,12
WDDSBD,11
5R5VWU,20
QTCC3N,16
05SWJC,12
B0E7S9,12
F4BMDU,12
91ADGC,11
0C9PF8,30
PCJZXN,12
301PFH,12
AUFJZL,16
RQASNX,8
66X11X,14
3NGSB5,15
JQ3E1N,14
B9U2IW,7
AI7M70,15
K3KJ0C,27
VAEORT,12
ADT4FF,13
4MRCN8,7
Z4EXXC,24
N8H6V2,11
ZHZJV1,22
PVBSB9,12
OD4883,14
DGOZ1O,14
UQQO1X,6
RTU63E,16
4WS9Z6,15
BBONYQ,18
1IY3Q7,22
0973JG,8
XGFOBP,18
K8MRRM,4
2UXFX7,18
OHOQCI,12
06SU1Z,13
1ZY2Q7,15
DY7YAV,29
WEM4CN,25
LIPMDS,16
92M2ES,22
WSRK0R,11
341AH4,25
NF9AEM,15
OFAGJX,3
IDUJ2Q,23
YGHQ50,9
LHAVLV,16
JP1FA6,27
MDY6WQ,1
SUX3LA,16
DMVHYG,20
TWVLDV,15
QEEIT2,15
CXL7MH,21
6RZRLG,14
SQJ44D,19
Z13HOB,12
970BWP,26
1BFEDJ,17
QAGHN2,26
BEBUKY,12
KENX9Z,3
E19HRG,3
ZVLOQH,22
YGNJK0,6
QLJJV8,4
VXGZ4D,11
QDEK7F,8
LPW5VV,10
UR33EW,9
565HA6,13
V8B2LW,14
XAU3D4,11
IDS5PQ,13
42G9W0,15
RWGOTM,16
KEULN5,17
DE8EBK,11
BSZ7SW,37
96VP3F,17
8REM5K,17
6B2CAC,12
XPQHSE,8
0WLDYK,11
DQHIL4,10
D49G8C,24
BGWLYH,29
272U0Z,27
WHQO0Y,7
NJLF3K,19
MKOOD9,16
G108G9,10
8SGB29,23
SSS2ZS,14
C2BRNK,26
DQLG9Z,27
P3SOQI,17
HEJ6VP,10
7EFUHG,16
WIXT4Z,18
MW1WBS,10
MA2OF2,10
AI2TRZ,41
Z52DA8,23
XFSZOJ,29
HPGBPC,13
JJ1J2M,43
JZ5WYY,19
MWE2YS,26
QH80WC,11
FQLE7N,17
DCDI6U,14
I1Q1GF,19
85XJU5,27
OMLF9W,29
489TMQ,16
RWPPHV,15
5GR8UI,21
Q24MYZ,12
XO6VW9,21
L7HNJI,17
ELLYP2,17
6Q4FDQ,28
YHVG5O,26
V2I3G3,19
KQ99FI,20
CEP2FL,26
QGTIPY,29
B4R5KH,29
EJJBLO,12
7UL3KX,7
53LZFL,23
JO108I,15
6XIIEO,19
MWZ0LJ,17
T7PB3P,26
I00VLA,6
GCNEFK,6
H9X96Y,10
QTI9VP,25
SNWBNS,13
4XQT4B,25
NBA82M,14
JJFQC8,21
MVOPR6,27
VWEU9D,29
19G6KP,28
D0TAIH,13
HRFRHP,14
YSZEIQ,19
WHKP74,15
8MFNOE,15
LRV6U7,12
VU3379,14
QQCTHS,15
D3T1ZQ,6
CK8SVX,14
8U90DJ,10
Q49102,17
RZ8QUQ,17
0VHHXM,25
WGC3S2,6
26O1A3,26
XNF0Z7,11
OXCX66,19
WIG08K,24
DCPH8D,14
RAHWJ8,21
FUK558,18
3RMCB3,17
4O7MEP,12
MZ6A8Y,10
C4BH3U,23
VC8Z7B,18
TZHMYW,15
8AY5IB,21
V8A7WE,12
EE89XN,18
7F7328,19
1YH5TK,17
ESAVU2,25
40HFQ5,18
5UJPM9,15
7DR5OR,21
0UGHAX,26
UST2MC,7
IW3N1X,10
L65863,19
EQ80XI,16
UKEQVJ,12
0S03A0,12
RW8Y4Y,28
7SX2XO,4
3DAODS,19
33FXEX,17
0NG6T9,16
EUEJH7,16
RNIJMP,17
1B6HT4,13
VK3N3O,8
VBD267,15
S8ON3N,10
SNM0C6,27
8G4EKA,22
AN97CY,10
G4K4Q7,22
0YX6XS,5
R7I42D,19
2JF0ZP,13
C3M3AR,13
7XJUUE,20
EZSD0P,27
WT0W8M,17
1LFUSA,15
8P24IS,19
SUYRY5,23
8MLOIU,18
LVHXKR,23
4XUWG6,16
828FWT,17
YW8W46,13
5ZKBHL,4
BQEM3E,15
2VEKHI,17
S5U5TB,19
JVX5JU,18
GNS73C,21
79TM9R,20
AE2BQG,20
AZDBWJ,16
S383CH,27
946ADU,23
C71LU5,21
C29NLF,16
F1GJGL,5
L9EVC5,11
N842X7,20
G5UWH6,21
7U9IOO,24
YVLTLX,15
2K6V32,12
ZP636W,20
F31YEK,14
RTRFUC,11
OQ4DAK,13
OELY43,13
XNWSUU,24
3MYPZR,19
YIR8XU,13
KARPQ5,17
JQC54X,25
LMV3G6,29
HE9BDM,24
P9O5NH,22
OAVIAJ,26
J94SB8,10
GTXULH,28
3YA2IL,17
T8D1OJ,8
L2VGUA,14
V4H4AE,21
FV1UDV,26
MSB5AL,12
D1LQOR,20
QCRJYI,16
PZONZV,13
6B6ZYA,30
NWDP0K,14
H87AOY,22
H3UFLR,17
DEMU5O,9
3EYZTS,11
XKZJFE,21
M5WJ8I,24
DO95CV,14
TGPS33,13
BRHI5E,17
RY90CH,19
OZ5Y2Q,7
JXQ147,13
7Q5IF4,14
C9EHNK,21
UUBCE6,15
9VH0YX,14
Q54KT3,19
ZF8IQU,14
Y76283,25
ZY1C5V,17
31BZA5,23
DUNMFV,22
2FXRTP,15
V3TGWE,22
PBTW08,29
UWQ10V,15
T04R3K,24
P8HW4F,18
E2R312,6
W71H2G,14
ISTXG2,20
J0GHEX,14
NMXIJK,16
XZ4NUP,21
FTTTCT,23
ABXK33,21
FMA2Z4,21
HEFIMY,15
EJ7IBI,19
L6FHT8,33
2E344D,13
Q1KY7W,8
0ID3O1,19
M18FX2,22
KUA1WP,16
S0Y8WE,18
4JAPSS,20
VJGM9J,19
5GYQI4,16
33HSP0,8
WFW9AU,12
OR2MQ1,21
M2IWA1,19
8IKD8A,30
CB51SI,15
F80ST7,14
4ADYFP,18
833SH0,22
DB3N5S,20
X7AM70,8
W584HM,22
JOTR8S,22
M4IG9R,21
39CKE5,16
PVB615,20
BH6GXC,18
NFWYZZ,16
DP808S,14
WZ9G9G,19
2ILSFU,15
RSEY1A,12
760AU8,15
AFJE6T,18
M78FJH,14
F09C7T,19
MO1N7W,5
XH3BE1,15
22BUZH,14
U7V3UK,17
DCP9Z9,4
EC7IQY,26
X2JOYM,29
W455HU,24
KMN6E1,9
6SH5I9,16
8V30UF,12
SRDL9Q,20
WKCEQN,18
YBGK69,15
O3ZJJA,29
OL785H,12
NLN9E9,19
4LEIJL,15
DLG9OG,20
RBZMQ8,27
UU97C9,15
P4X5VZ,19
NRBD7P,7
AYO7HT,6
EWC2AA,15
VG1YF1,12
HIY7FW,15
KY4NQ1,11
QBKQLS,18
UCDM28,12
AFXXF8,18
J5BC8Y,16
WMO2R7,12
AVB0YB,18
PFHQD7,12
4ENHDC,13
6YMWA1,31
CGVEQB,15
GATCY7,13
OH3EHH,8
C7ZMKW,11
R7LRLO,21
NHOBUA,15
6AWP4K,16
ILYGJG,10
I2Q9IG,18
FTYXB9,13
PI537W,17
FSM1AU,17
EGV6CS,20
A6K9IV,18
MEB3HK,17
4GXPF2,5
8BNHO3,28
J9STRG,20
DQN98K,16
RJUS7X,16
EMPH10,19
QCAK6N,13
XGLGPE,16
HA4TDP,13
DHKQKR,16
BJ7WU3,24
UR09S2,33
XLQWTE,8
NO3T0B,7
HPXYZQ,11
XYH2K1,16
URDKJX,16
F99AEN,9
O983JN,14
RUJJ3C,19
5MIX8A,16
NNI0WF,36
LNYNF0,8
JPQN24,14
FN8OSL,24
I972SU,20
CX4O1S,22
R11FL5,17
83XK7K,26
RWAD6H,17
7STZGB,26
TXPOFL,16
KYB570,12
XUVCI3,16
R401DU,10
M0VEL7,13
VJK2VU,14
261YBU,17
M1CTO6,20
89LWCV,18
KVQ07S,18
K7H71O,14
7PX2PW,18
DG8NEI,15
ZLIUD0,13
R2V6UG,26
6ZJ2YE,17
BJMYGG,7
6R28ZP,15
W01Q2U,18
U5EKLV,13
LI9S75,18
7ZQ7QC,22
VAGW4V,7
ZKS2XJ,9
9CVK10,13
22DB6T,20
YIRCZA,8
0LS21F,22
TIFHQM,5
68BVI9,8
1N8WFA,29
E3X0FU,25
75JLOB,16
Q38ICC,20
X0UXUG,16
TQL1GH,14
IPVMYW,14
F5LR1Z,14
BWMDC7,14
CWF522,23
PNT305,12
PZNA82,5
FZ52C0,25
IC1U0U,24
RM176H,20
4WKAOK,25
FAFRSX,22
V7NAHP,20
SEC9PT,19
H4ZTDV,15
WTUZ4T,17
31SBXM,15
310XS5,27
WE1PYW,17
BLMSEZ,8
QZ3LNS,9
DC92QC,21
HU3VAW,16
7GB7IF,20
RXP55A,22
DLN2MG,13
4TCN02,15
SCQYKQ,18
6PVF96,19
WDTJQT,15
MJVWZO,16
D085ML,25
5K92RL,14
6DKKTW,9
H6UN3E,20
3VUCOB,20
7J0NZV,18
N1D7Y3,16
3MEK1S,19
CAEDCW,20
OC2ZVJ,12
K4K9EY,17
OZ95ZA,11
GPIP86,15
LA87Z5,8
ZB5JCS,8
RDK6XF,22
AKUR0W,5
IS68JH,12
TRCZNH,23
3HIGO7,18
P5KVN4,27
9GJBUG,14
KBZNSW,6
AZ9YY1,16
O7IMGD,18
ULLZG0,19
WSSYYX,12
WH26UX,23
WKPZ7Z,22
7PQKGP,5
1CJ6CG,14
W79FDM,18
1426EI,15
KGC2DA,7
BVIOBE,13
IQMBV2,19
2V7BOZ,30
49MY27,17
11G68S,3
MD84PW,17
P0GGKA,10
CEAEYN,20
P4PHOM,10
MRH2NM,8
RW4ITI,4
THSB20,11
T42ORC,10
APSMAA,19
Y3DNMV,21
BI6RBU,25
9S2BRE,14
VDIZHB,36
9WY1WM,9
TGE6ST,16
2HJMHV,9
6OZE3Y,9
CJMP1P,12
14CNEZ,13
8AJE71,20
M93LQ9,35
9VMCDS,10
QI5SK5,18
AQYM9W,13
E2NOAN,9
JH9BXO,38
VZE50T,24
RBD99Q,16
B5IU21,24
8QADY1,26
7RZKF7,26
ZB0E38,17
XD9404,16
KTJ3GD,14
MMNISU,25
IXVMC5,14
CZWPL7,11
YZSHHV,16
NIBGV0,16
GMUQCK,15
XDU8PW,19
I5QZ2Y,16
FLOJ0C,14
ZNTDRS,19
AUDTVQ,20
3XJKUV,16
BYU5DL,9
9EHB1R,11
Y6EQ3M,9
ON0JYJ,17
TDKLVW,28
Y6SO4X,12
DHNPUL,30
6YJXW7,17
9WV1BU,21
5AQ53N,16
6BK0ZQ,18
0VGAX5,17
DVNI63,18
R8JBQQ,13
Q1H0ZN,10
9CUYHG,26
IEJXR9,8
BL38U6,11
FHBZ6B,8
8F497U,20
YI6JA2,14
3MO9D3,17
QARW91,7
68HA2T,6
ME3VY4,23
FB5BF8,13
KO4A5U,16
M38FCU,17
BAR3K5,14
63ZGDK,9
65FDVN,20
JEKMEH,19
FOHI8P,40
ATH1X7,15
MPR26T,18
NIEOT4,12
KVS0T2,12
7KLPKP,14
51BL3D,16
5X569D,22
RHRC8C,7
IQSHG4,11
AIEQNR,23
S7MSF0,23
X78AQ5,24
BLSX35,23
57RCKP,32
9IJHG4,20
HFJLG2,15
TTRHFQ,26
T9H23T,20
FU39PQ,19
7KOH97,16
TR72NJ,20
2Z4PG8,16
LYJ18T,18
KDK20Q,19
28ELZS,18
FTH9PF,10
5L36M0,23
5NYCXV,20
NE4OEO,8
TNARIE,17
YOI56T,11
N0SD7U,15
LSZ7C7,14
7F8ANU,19
OY44ZZ,29
LSYKKS,18
CLISFQ,23
7AB4W3,17
OX2SVP,17
DFXMVJ,15
8PP3W9,20
MBJHVP,19
0IJ0IM,32
43HH3D,18
2IA590,5
11ALPJ,25
WCQRLI,29
XTNC7O,26
5QOPNK,18
0N89UQ,8
FW5VWV,19
7J63P0,17
QXPAFK,13
GUPQCI,25
DRWJU8,12
X7LH6S,10
RGULYO,23
ZQOZKI,32
M1TV5A,22
5FNU5W,21
1XSOD8,28
97TJDJ,34
N5H00K,23
O1BHWV,12
4XL2RO,27
73DBSN,30
MQZ4O5,15
KFDZU8,12
Z7GXFC,21
I3M9BV,15
H3EUG5,14
ZIUTPD,20
F2HDY1,32
6M9XRH,13
SILCLP,14
KR2S1B,11
7Q2IVW,11
JY7MHT,18
TCGQQP,14
QAGLOM,18
E1FU6V,11
TQ01TO,19
OFE214,12
QDSVJX,12
QAGJOC,4
BPGA1N,14
VDTKHB,16
GWLRUV,27
9MEZZ5,4
MCY0VY,19
PY1G7I,22
ICB53R,21
2S2RH5,26
T6C39E,8
OB7O8R,25
OCPZVW,14
NHODYZ,28
JA1GZJ,25
YSN7ET,7
W039ZW,22
8R0WJE,11
W9RR4D,16
JXKL7T,19
QVLEWT,12
2PE7SB,2
GX5Y3I,9
6X6RSS,11
85Q3UW,19
S3OO7B,5
65KW49,23
OKWOGJ,21
GPQYDX,25
A16DHI,27
8JO8ZL,25
LOYATO,11
ZJCIV9,13
XVRT5D,4
WJ5VTL,4
JQ84ZR,20
14KG3Y,11
EJG2IO,2
VK623Z,25
L4OWKP,26
Z4VCBD,9
1TXPM1,8
KO86XZ,11
FP5W03,6
UWL84R,23
43SPM4,13
T8QNIO,21
UEOD5O,27
GC9HP5,8
S56HPS,10
16IE2O,38
Z9197P,14
TJFDXE,6
R74L5Z,12
N8FOOO,44
MWMLT9,12
LFDIMN,18
NEWNM4,19
3ZFQKW,7
RJ611U,20
PVE8VX,26
564DUB,32
TMCPNC,7
B0RY00,31
I1DUGQ,24
8P8B77,20
U5C9F8,8
HFK4BN,8
NRGCH2,18
0B3OJE,12
92D1C0,17
8GYEZK,8
A6MWR7,5
KP13T1,21
PN53FN,10
MOS8IS,19
GPXLV6,12
66RAX4,4
8HI82Y,11
C3D8QG,4
WZM5NB,12
CQMSN9,12
SX8TL1,12
A3EDOZ,18
FH05UD,12
EFDIFV,25
ZW937J,28
Y8QVAT,3
4841G3,15
QFECYU,12
ZKYOR1,17
GOXXWK,11
CU749C,21
NQHYSH,16
PCMG1F,21
6OANSZ,7
5KLN5O,8
8XY2P9,17
6E98XX,17
4PNJ95,11
4L0I45,8
G2P4TK,18
4NBK5Y,10
ADC2GS,26
MXFY9H,19
XGNOJ8,18
Z4KFDB,5
PV35VE,8
QLIMN4,6
PTASSL,37
DJCGLD,26
YYMVIJ,31
71BH5X,11
R8THU4,14
HMHRLN,16
5FKJD9,8
GFKT5J,20
6QMPAG,4
OWFAVW,4
SPHGSA,6
L63QII,12
MPVEHT,29
JZ8507,8
F6YSFV,13
XHBE97,25
BWL88Z,19
NITGKD,14
Q1WOON,30
HWUD5D,9
1TRI0Y,27
6LN02B,12
KUWIOH,14
V7IGWH,14
SJ0NOB,11
Y41IEN,16
1LMQWJ,22
CVMAQX,6
WYA83C,6
2RBI6W,9
WXU2F1,12
6HN1YT,12
FECNLA,18
BRXFPO,3
ESCL96,13
VSXAD4,16
W5G16O,5
K6VZZG,18
LSNAHT,7
BMGYD3,33
VN9H1W,18
AJI2BS,7
K9RED6,18
2QBCS5,10
0V5UTA,20
5W012P,9
W86NFE,23
TQXJ58,15
KYCDKK,12
HH19PD,18
NRD13E,34
3RPWAT,8
CBVA3Y,17
ZMP8AC,8
FY95MR,11
YYWRRT,3
2NN7UH,11
0L0IP0,4
AU5J8N,4
IP371P,18
S824SH,11
U07GCT,15
E1D6E8,24
934TY0,17
WYROBJ,11
SBZE5L,15
VWUIBC,14
9NVQRG,10
EA6XJN,15
3F55I2,11
GSPVNL,14
6O95ST,26
P7929A,29
GJB5T0,27
B2C6HA,13
IM5S9V,15
NMR45T,4
5C2LZG,9
YDHZXM,11
KNPRY0,11
WNKVIG,26
DSERB6,6
2XTRFP,9
RO4GKT,19
CUYYYZ,5
JNW5V2,14
OEUUM3,12
SIS7NR,12
AJL5K3,12
L4BS41,7
1GFBER,12
NY511Z,28
RHJ3TS,7
NYVUW6,26
YA38M0,23
TYBC3I,18
TYVQ72,22
YAUYZC,12
IUQS5F,30
OFJ1S3,11
LEMB7J,11
FIOXS3,7
6GA33P,27
QGWQ3Y,8
F44IWA,12
ENBTVE,20
M1UMPR,28
4SEMIQ,14
IBMWRX,18
PDCHBO,27
N4ZVTJ,19
QCEZVH,15
CQIVUY,7
932UP0,12
ZROP03,11
4M5THK,10
7Y6UC9,20
O2OWHR,20
DDSL4Y,17
UGT4E4,12
Z6L1H2,33
7DN673,34
Z35O9F,15
EOA4D6,8
Y64E3H,12
8OSS7M,10
SF8OO3,14
WYPSMY,13
747RAS,26
CX3DOA,8
J1ZFEM,10
PWI1C3,10
L8WMK5,19
ANA5MN,16
7TP3X9,15
79FPDH,11
VTZIYO,10
A40XLB,38
QK5K61,8
0B8IIV,11
FB83FP,16
KC68H0,12
M0IOWS,14
8D4PKF,10
EM14ON,26
8B51AY,6
OS1MOY,28
6RIV2I,33
7I4JOK,30
M8AS30,30
IFPHXD,17
AHJUTE,11
YKVTN6,19
V5MESM,11
C3B1RG,21
7W4EBK,17
UO75WG,9
685U19,14
RWCFED,12
ER3ARH,17
MWFTD2,13
WZBWKL,20
KRK5X2,13
QHR3SV,11
T5NKSJ,20
25ILNS,12
WYR2M4,4
01DKCS,11
EP2ACD,26
M22S7R,11
6ASICM,11
24MWIR,14
E4AOJF,13
34UQIB,10
J0Q0D4,14
1M0DX9,7
1MDUOR,12
9OX7NR,2
2LZ727,6
JRT4L4,4
UGI1VZ,23
4HWQON,17
ZVB2K7,35
WH42M6,25
ENTMZB,6
L4K5OY,6
8MJVEP,11
F7B08J,4
M9J2YI,17
4747FL,18
MK4O3E,13
E0JBJT,20
31SVTX,15
44RWEB,12
QNJ1SV,14
06K4CQ,17
3LC33E,14
LJPDDT,22
DG0HPC,18
RCQ9NG,18
QYP35O,33
HSFN0C,19
O1XRGC,16
W2QSZ4,10
P07YXE,9
BCY0F9,6
K9GYJX,6
15QZZI,6
X7MQUW,18
V3ES9R,24
M6J31U,23
SDTM2I,18
TB967C,13
Q3G8AR,18
U77TCA,11
1996UH,25
QCC72T,34
B1S4OM,11
T0CVIW,9
6ODW73,15
MGMHJC,11
Z7RYBU,11
ICKPWZ,14
LRQCHK,25
17CL6L,13
I72UG8,17
OFL31L,22
UDOO4I,17
5ASEB6,25
OFTXZ5,36
Y9D2RU,19
9XWDIK,12
MHM24M,5
LBLZNY,39
Q6V9JE,27
ZSZ9XS,20
J4CP8Z,9
C7IRFN,21
G1HWEG,30
QCYN7B,11
BI1DST,17
AYCCZZ,14
RTAOIG,22
32CE8A,11
08HMQF,15
25XH6A,22
IDPREY,32
86AHU8,30
Y5UKKQ,13
Z7KKWK,16
IRYNA5,32
GKHAHQ,7
901N2Y,7
TJE0KS,12
0KPHTY,13
5Q2LGX,12
3QLQH9,24
J1FFJR,14
CD1GG6,11
RPVQCE,15
GG3D7S,25
YNG4I2,10
OPFI3T,19
S24P1O,9
X576QX,25
X6JFNP,11
F365VL,8
IJECL7,22
5DD6V6,12
ABGJ0T,12
KBK0KG,18
VZ6PG9,18
DU2HKI,15
DIC620,20
PEHNHF,20
6CX2E9,26
1TWSZC,5
4MMWRV,12
8XM5S3,12
773V0Q,17
BVO1ZP,21
SBSONP,15
G8N06A,14
DRKA6G,14
1EZRHC,6
C6TF9M,26
UBE9L5,19
4IWN1W,34
36GFW6,25
ZN4BBG,20
T48G4Q,16
O1WSBN,11
K2NVQI,21
0WL2GD,11
Y0AB3S,10
02R1QH,11
NWJVCN,13
5YR9Y8,13
1M08U8,10
M2OFUO,26
KYROBX,26
RPK70X,13
A3Z1CL,17
JVNL06,25
DFW1UC,15
OXWBZ5,16
NOL7YT,16
QGUGSL,15
A27V62,14
NNYEAO,17
IM5CUL,17
67911B,17
23FUY1,19
7TYMI3,19
VXGJ0H,17
LH24ZW,29
950LTD,21
K8HUKH,16
LVA7VA,16
X7EAP6,17
PTZUQV,20
8J5UGO,20
LQRN1G,20
1TXB3D,25
S8PZUO,3
INVV06,11
6T0FQZ,16
RGOPLV,24
X0RPPA,19
NIH0Q3,12
9L64F5,12
TVRPKT,23
20PIPL,29
IRM9R8,9
ALC6S5,6
SJ4GHJ,16
OUZB37,6
S818X1,18
W0NC26,3
I6784I,11
PU4QUA,26
V6QIXU,17
CO3I7V,4
W00UVY,15
B2XKSU,12
NZ7RTQ,16
NP97BS,19
OMQ1W0,19
T45JDP,23
OWY777,5
HZVKA6,13
BBJODO,5
MAT8BE,17
79TVY0,21
06K4XG,19
P1CC0T,16
PAUI8B,17
OZA6P4,14
VJQZ5G,18
M0CY38,26
L3J7KL,16
UPBZ56,13
M0GZ7J,5
B8ZDJ8,13
N3UUIB,17
OCWTGG,10
GINYZJ,16
88X95R,16
A8WOTZ,12
7U5PYC,21
4ZUEJJ,4
72OV1J,21
EY2ZJ0,5
UUA1MR,33
GDRZZO,16
0JY6JI,12
KNETIB,22
I61YYX,25
DG306Z,15
BRMS7N,10
U5DKLR,15
E9VJ7J,13
RR2GEJ,21
II1IR9,14
0ASKFJ,7
UOS0PS,22
AZZ0A6,5
48MN06,19
62HPJN,22
8I3BDY,11
C1IL35,13
YZVADI,5
M66HD5,29
KE7MO3,7
GO93OW,10
RPCU4C,14
FKSVN8,20
8WVOKK,17
1FHAWD,21
LHC84Z,18
OMQJ1S,19
Y5ZI9J,26
HRHM0H,8
ZRX6WU,20
URIYHH,17
Y9R2XF,18
Z5BGJZ,11
SFBLZ7,15
Y2ZQ0R,20
QBH289,10
AFCQ5E,15
7JNDF4,8
A1LY50,11
4QAB0R,31
N8Y2FK,31
B4TVG9,9
U4Z4RN,16
5BK9GR,12
C8NTFP,11
VESIQN,23
A0S926,23
FO0KU5,10
ZM9SPJ,29
5WUCJ9,15
RETC2U,13
5NYS5X,8
WHMGU3,13
XYZQJK,18
D9KNHR,8
Q404US,16
QXWZD3,12
RMA1JK,22
9SAGIQ,19
F3LQGG,11
LPOSQI,24
D6OSN6,25
ISM4M6,22
PZ5O6A,17
9X97FC,26
FGVHGS,3
HSVSKV,8
8G34RE,10
DWZDHR,13
WYP6O5,22
LDWC1N,14
D1NIDL,14
G0R8EI,25
08XTIE,24
XTP2WP,22
RV4G7C,28
898DA5,36
D08YZ8,14
EBGXKV,16
J2I4DP,24
POQM37,6
DTAOH4,3
LSFPF0,27
3YZY4J,15
HLOTT6,8
271ZZJ,21
65Z2Y2,18
PD00GH,19
C0STIE,31
MXN6SE,26
S6DQMT,8
KD64DP,24
IGN4A5,15
HF5RXO,9
26VRJH,25
4FG4HT,14
2199AR,11
TRX9V6,22
MIS5TK,27
SHSIQ1,34
FTILJS,24
IBGDQ7,12
T1UBBL,10
HRWG38,11
K66WPO,26
UB5YOB,16
REJ2HK,5
U61MBE,9
PODDSA,19
75X3PC,9
9M00TG,14
2GFKYN,20
HSHZFR,5
DXV9NL,8
UM714Y,14
TFQART,35
CBZPNG,5
90LYG4,10
N8JKJR,5
7SYHOG,15
EI4BRW,26
M5AL6Q,5
4AEYBP,21
TTYZ4K,7
3RR0R8,12
Y2BTC4,7
GRI89H,17
1ZATID,15
SCGF4Q,4
YB9TBD,15
RJMR7X,13
KI63S3,18
T1694N,4
JBMP6B,4
M9RQ0G,6
EGXX48,5
28JRAK,14
XZ6KOT,13
BGBY7T,15
9WPDIP,13
N0R0I4,5
XRW0Y6,4
3MMXFB,3
WWRSKB,13
85YLJX,10
1CSU33,9
LEI9UK,13
B9STWU,6
ZJ9S5R,23
KOOR1V,22
WW2T3S,4
JRG8YX,12
WBOZJD,4
D8U9VE,8
E0YDXL,5
JLS4ZG,8
UAWKXM,14
ZDWPZU,12
J403WX,23
JHDOGE,20
HRX1H1,2
TN8Q98,4
KJPEMK,4
V7NIA0,7
F5KV6F,10
YQ6XLH,10
JZC692,7
26VADE,19
3LA4D3,13
T7W96W,4
H1CQZJ,7
G22KKW,21
QT2BMP,12
7I5AJ9,7
9I1MWC,12
02XVTI,10
7RX199,19
1J7HDT,8
0APTTA,18
XS1OQU,15
PJKHSQ,7
BFMXDW,17
K5FB45,14
V9ZIMU,21
RBGUQN,7
V0KNI5,4
HMTGHX,7
PHRDU4,15
V5H2CI,8
DOBCGZ,4
32PP0B,8
0A8LKZ,17
0GKVUD,10
IL3A6E,11
SOCC6I,35
V82GSP,23
KQJOBU,10
KAX6JY,11
Y7NN0P,7
D8L8H3,11
73OAKD,4
L671XX,12
AT7RUH,5
X1B89I,5
VQIP65,4
WW8Z7M,9
YB7KFE,10
FHABR2,4
D2FYST,12
JJES2S,17
45BJWT,11
UVWQ4P,6
LK6DX4,7
T2GI64,5
J51HVV,18
VJRI41,5
699JUU,16
6DHRPR,21
ZNDUAD,10
S6DSTJ,4
H3KLOL,13
9BL144,10
D7GP7I,12
VBJU9M,10
8DFCAY,23
538WK8,5
31NK9T,16
QC8AZK,10
MO6KLM,11
IYBKJQ,14
F9MZK3,14
OWW2PJ,14
GL81KF,6
402IJ9,11
CM3X17,4
RLHX4V,6
IUDMLZ,6
VJG2DO,7
I4RCC9,18
0AM50F,3
68FW8N,11
S47LAG,15
71XMBN,3
8R118I,9
VIY2XA,16
LQZ1MT,11
H1G7IH,11
1AKOVV,8
ZNTSX0,17
IOEHC5,5
JSIDV9,13
BCNJV4,9
JGQOMA,9
GUSUDD,4
PK1LX5,15
529M4W,15
FV1N9I,8
IFDRDC,3
2I79BX,5
ZKFO2E,9
YKINTD,14
1UUS2P,7
FH5HY9,7
1ETZ13,10
S6AMS1,5
LB67YS,4
88DJT8,13
VPKF0A,12
IMNJ4O,14
6T7Q2I,14
H00N6M,16
6PXV1I,6
YHDXUS,18
337KHK,11
366H6C,16
9E54W3,12
QDJFJ3,8
5ZX838,13
5OIVIE,6
O9J8R8,19
9SNS4W,12
3XRKD0,10
KVLV3O,11
SKALSC,17
UPL6L8,16
K38N7R,6
P78NR4,5
VPQEON,15
NJ5YVQ,11
LF4ODI,8
SEI9WL,14
Y33GUP,5
7FLR5V,21
EV8H1I,10
ZMXSPU,11
S7JH6B,11
ONR6FJ,10
0R98BE,16
5O7OMI,14
IDME0R,15
2BSU92,20
85ZQBJ,11
5O3HLO,13
XLZ808,12
8U9IF1,11
8PJIN5,30
L89CLH,8
CBIARP,7
5R7YCK,17
AQU23W,12
5YXL4Y,20
AJCZVL,12
BEJI8D,5
0BEUBM,6
WDFIAS,4
1AXQLV,4
7USJX4,11
W26FT0,11
QD2AA6,9
GLQ2ZM,9
XM8DYV,11
17NAK0,4
QFR9PJ,5
EGXAF7,11
TSXGFR,10
7ZYZ98,9
XSB5YG,8
XRTRQQ,13
2VSJNB,9
XPD27A,7
ZTP9FB,9
SJQWL1,9
TW565K,15
Q8AK5B,6
Y4QOMQ,5
5MMJ7N,10
O8R3R0,9
N60WW3,16
HGJAB9,10
MX9A5W,9
93WBKT,9
SNY9CS,11
BE5MWN,8
NVF49T,18
I5IQRG,8
8467TA,9
3RSQ72,10
200F58,5
QN0532,10
0GL8ST,10
U8WT4Z,4
3HL8YI,15
Z70UT9,9
0E6UAH,6
FSJQHQ,13
9TPWBI,11
GTYZQP,7
E981R2,21
95QKLD,16
9DUZHS,8
EBU00G,10
GXKQMN,6
1RZTGU,12
YFO2Z9,12
6CTJLW,14
K40HFY,9
18FFSD,22
1I2X9U,13
PMHLPE,7
49UJ4R,16
VQL5WF,3
ZSV2FJ,7
D13Y7Z,15
RAJUND,11
VU2FN1,11
OE8387,7
LETY9Z,19
G3OYEF,21
6NMTG5,13
ZAME4C,10
L2K5MY,4
BB76CK,3
9VZQAE,14
EVZFTK,12
5G7Z3E,12
B1L3Q4,3
9HCJL6,13
F8Q5VR,10
K4LJL2,10
BNFR50,10
ULIWDR,8
757OID,21
XZW9NA,18
Y63NPL,28
5ZCFXN,12
U88YZ8,17
D9DU8J,25
V45ZPM,16
IEHP65,6
GRF9G4,5
7XHVIH,18
A5EP1F,10
T77WUV,13
MK2CDJ,5
YJ8NN1,13
N1NYJL,12
85TMST,11
9Y5R04,19
7F2X7W,11
OYPREI,10
1IQELF,12
UQUBT0,6
NPG96M,12
YO02O0,11
Y9BP7K,4
V0E7L4,8
DVC1FU,8
BJCKMX,13
RNHIEI,12
QIFSZU,7
NSCMII,12
SP4594,9
A1QG06,16
T4LWYY,19
VJ28QH,13
HQ6TDO,25
TIN90G,19
HRF2QN,19
JXND4O,10
HOS34K,4
6XDG4C,14
USKQE9,14
HTG19B,10
3WWXJN,12
6LHU8Y,13
JI1LEK,9
0F39K8,16
2ZG4VU,8
KXR37G,14
ADTA3Z,8
XB3OAA,16
SRXM9H,11
CAXRE7,5
2N9LH5,11
9GQ6BK,21
Z1IGJF,11
OB70B0,11
K5JNPF,2
1JZU41,22
6R063L,11
CGU76H,13
EAJGVI,19
TMG7JE,12
783SGF,10
DBUIL4,10
26X4TB,10
KE9JK6,10
CGVZ8K,10
C7MRZH,14
EJY28Q,10
EEHTNF,18
9I4F6N,6
Z5NCKO,11
ZZESHZ,12
8QJXYL,9
FWNU2V,6
4R6LOM,9
2ESK9O,16
A5BCWN,9
9KALKM,6
H89T4U,14
FHNHFU,8
6FK7AC,8
G52NJ2,16
3GSXR1,14
CHO7NJ,18
HNVI5A,11
BRWY7F,18
JKLZAZ,11
AR8M8Q,12
GF9E6Y,12
39OCYB,22
NBS4ET,5
08AXQO,11
5OQO9D,7
CQQVHM,17
FI46XK,11
NAM73U,14
5EBAAQ,5
8DE12J,5
NKYAJD,15
TR2XDK,4
6JKDRB,11
ULUL1P,22
1GOPFY,6
RJ9WDZ,14
9LY08X,12
KWDBHC,6
A9B3OW,13
CTOM4L,22
2C6JZZ,9
ADOM25,11
BNIG1K,18
DN2A7P,9
NEWVAN,3
7E2QMA,16
QATCL9,5
5UYF7B,14
ZGHF3S,28
TQLL5D,16
L1NUDF,20
GID58C,14
MPQGL7,3
EKS5HS,15
JO4UC4,15
KIFW3D,16
K22X97,10
JWJ7SY,23
F9EHL3,8
7YY9KE,13
4E69WN,11
BM25QO,9
A2IEB6,8
TZDRVO,10
LJQVBN,19
98VGQZ,30
I5CQCJ,14
GSUGGC,9
BEHDYC,14
T53GGB,13
W2KONO,9
KZV2OX,5
G69IWT,16
1CRMRG,16
58IAQE,10
C6Q7FR,7
KNNOOT,3
AKJBOK,14
7E52UY,9
8T7PNJ,3
IA3EBC,11
XBM2QA,16
T6GDDL,14
9DJAK0,13
7FKCKO,19
EPLEKB,10
CJXORB,9
K4KDYJ,17
TEC5AF,9
1V1WRX,8
XXOJUJ,13
DFQWE3,14
SYYNH0,9
68YNXJ,12
00GG68,12
UKT5HP,18
SDIEO2,15
MDA66N,5
5LOBVE,9
K2B77E,11
JROEAR,11
BV9B4I,21
IVCUWO,12
XDY8WT,20
SJ8EWP,17
3H3WBS,21
6OMFI1,12
SMY3XT,22
BL2UVS,14
EZ4YJM,5
0AH83Q,12
UKA2OQ,20
RRZNWO,24
VZKRP3,27
9K0YEG,18
QCVCXF,14
WFVCCG,14
8PVDKH,10
C1EVUP,21
MARVX3,17
LUC5H0,19
88F2DK,18
EECZFZ,10
2M73PW,19
A60C7Q,9
PUR2RD,9
FX71F5,18
3LH365,13
14SI0N,4
UX9SXG,9
4G04D6,15
0DE18V,16
9N4149,22
JD69ZO,10
8UTJOV,15
HHCUHK,22
TZVS0V,14
EE0NAT,17
CW0OWM,9
Y12X9J,17
EPAVR5,20
4HLBZX,18
NL57IX,24
YTT2KK,18
NLAA6C,22
M98OFG,12
T37NJ1,15
L2EN8V,7
OLXDN8,25
A4GYN2,27
YZPKSI,12
V9N1K8,9
P5JUFE,28
M3LMM8,20
IE9NER,17
VPCQ5L,20
C02S1U,16
ZX0PO7,21
MJTB4R,11
G1A06D,10
N62JN8,8
3WP98M,10
432A54,2
7RV7KB,2
NN7ZS7,8
HACCYT,9
K4WJCX,15
AR95L1,27
0AABL0,24
JS649X,10
7TB21S,8
K9ILHK,8
ZDQUIQ,5
M0SO80,10
RW67UZ,5
MFNI4L,10
4QZEQ5,19
PMAKTT,4
5N883E,11
OV0N10,9
HFPQFF,21
NDXRA8,3
UEJNWM,15
02G606,4
D08VCG,7
47OBTH,15
ZI43BX,18
WXPORN,11
5ZIJDL,6
GK9E09,11
KYG77E,7
73IW6P,10
FCPM5X,2
UIAF1D,6
CPPWIY,15
LJF0RX,3
S8OMQO,17
RYRZTU,10
LKFEB6,8
JM8TI5,11
RLQYDE,13
C0LSHN,10
BE3NQX,23
0GH5IS,21
E875QZ,4
1J4KM5,7
EITHR9,26
WV29MQ,22
CA7IG5,10
H16X6H,7
W1T4SR,4
0ELRGZ,23
S9D4V4,8
WCVKRN,6
FMCGEK,10
3GH6SK,3
MPCCR3,9
MSJF5Q,4
XKOWOS,13
RXODER,11
5XPMLD,12
UPF2J9,5
515XH8,12
2W4Q3I,4
XN2TL5,5
K1X7PI,2
WSL04N,11
9ZEVJD,11
ZHGZ8B,13
PB01M9,4
LDAT5I,4
F6Z6EV,9
13X04K,4
A17DSX,12
RQ8XJB,5
JUZAC0,3
2GJLMX,10
2ISEE8,8
2EAA1Q,16
YG9A1E,14
ISUOM3,5
TO5IIJ,11
LINSGL,11
S0AZJZ,16
I0WJ72,17
V8TEOP,11
PWD7M2,9
QYUYJI,30
GVOTXB,10
YJFC5D,4
IA32Y5,8
SYTV8C,13
8VY35K,13
VP8Z98,9
XV0VTB,10
YQ9B16,13
I3JMCS,4
8OQAZ5,8
TCFPZF,19
6VCPL6,8
9Y95FU,17
NDL55W,13
LMSMWG,9
JYN8BX,6
KZH7QS,6
UPA1NQ,15
HIN0MA,23
HZLRE8,3
DTAUUL,8
9OCZCZ,9
WV7VFK,11
ZV0SWD,6
TIRSZL,13
WN3O9A,11
R7B92N,8
H8O3QW,8
OH2C2G,25
BVHSWU,11
JIGDPR,18
VQPJ0Y,7
XHF0G7,10
IFODM2,12
SHMKY0,26
7PO2SE,6
DD3PJR,10
5YOO55,8
ZQP4OG,10
9QYDZD,6
8ZCNGC,15
SB1F8T,9
UHOHIZ,11
UK3K7T,10
EHC7FU,14
SPE9MZ,4
TBDCOX,25
2NZS5E,13
BPYY74,8
OBXG6P,4
O7XQC6,5
QBEE8U,5
DWSQM1,10
HAOX5X,10
9ZI8RX,7
X7WJ51,4
60BM14,5
PS5EUT,2
2RTTIF,26
OTUHFS,11
T5YKJ8,0
HCD8DK,1
XSGCVX,0
BKOMXM,24
NEEKIO,33
IRQ2HI,13
V8MHYM,16
XW0HKC,13
CLTISE,12
O7OGW5,28
C3C40D,34
19BWZF,16
KG9U2R,18
CV6CKY,7
T0T82S,8
JBP9N1,16
XFLB47,12
S26O2Q,18
Y89PU7,11
GBMKUQ,17
Z6N7W1,7
Q67OV1,12
4YNVDZ,17
RDE8OV,28
MVBVK9,15
XNF55G,22
XIHUX0,18
VQIHSS,19
1QUBO3,29
MSYSNC,23
23QQT0,27
NGRKWO,8
RGM6OL,7
WCO824,11
YB3NEO,11
GYLN4C,15
V95JJ5,16
27VU8G,8
1AB4NT,18
D6QQL9,12
BH1R1S,26
MRZQGW,14
IEHT3K,20
GKX791,20
DOB7SK,28
6RFKPT,26
FUQ4BO,19
NUH9W5,6
JRYOEO,26
N2YZXO,12
XOKDTP,9
6PYX73,22
WUGCVP,22
4LRJSQ,22
WL5KR7,15
V0DWZR,15
K1GE8K,14
QB7XSB,12
KWK21G,12
L2FHQ9,14
W8MMZM,22
GNWG0R,11
7KDYU6,16
7M6BJ3,6
K9Z0FT,22
XQNTV9,22
SZ0C7P,21
GGIZDG,17
OR08C1,24
CK08CI,17
8VQWW0,12
17LCTQ,3
SYKSNL,15
E0WHT3,8
53VI9J,19
8Q8K7F,17
WRSYPG,8
2FSM3Y,22
G22GRM,30
VLNLLM,30
DAAZ4J,8
8TSJ4Z,30
XNBHVF,27
IB20FX,25
O94IP4,18
927OZP,16
6AGF83,21
XUQZHE,18
QR9ECG,21
ILXYCX,34
4CC2IX,27
5AU3OT,21
XAFLT7,19
AR51J3,15
2N275Y,15
V29HHW,6
MXPN94,19
OZ4R1B,21
IDR4O0,8
AEUZXA,11
GBWHH6,13
NFP48T,20
6P4VZ7,27
A17SGP,16
58H0YV,6
NE1NL9,20
VCO3CA,13
394N2Y,16
49OFY7,15
R812NY,23
PVFCZY,10
NYU9P8,12
X2K065,14
XCE8L9,22
UTWUIT,12
DCB5VM,10
KDFJQ3,14
TOS90W,15
18FI35,13
JKTY5X,15
M1Y3AP,12
H1C5SI,23
WU4G5Y,13
MYN723,6
8ZY2LM,13
BQ6N8W,6
NUWAHR,14
GBN3JM,21
NN4MUE,4
6V6KWS,23
KEV6BN,26
FVYZWT,23
WYCHKP,18
TQAIRQ,23
T0EJW2,21
PXE8TL,16
XPWBHD,19
ZCDENJ,22
1MB18N,11
U9FRN8,9
3KRW0Y,21
CSKU2F,10
HF720W,10
MDFRGH,11
Z6H7OO,18
J9OSPB,12
6IZCRJ,26
SJXBEX,23
I6KVBX,32
LO9HGW,21
40QR50,14
IUHHNJ,14
LBWYWY,14
E3I1CA,14
7X1982,12
2752JP,13
X7GF2L,22
X7TQAT,29
GD49A9,27
NN8K8G,18
KH91NE,13
JOZ3PZ,14
HYV7B0,4
JP09Q5,17
JWDXV9,16
FSEJG7,10
YPENO3,10
GPAAK9,16
LQ3XHS,15
RL91XI,5
999JEK,15
MESHTJ,5
QKC4TE,25
LB9KOO,2
VIT2UZ,13
BDA76W,18
1FC7J7,11
JKSPZ2,19
EGUTSV,8
B80HWA,18
06HV8T,22
RP582M,13
CZD9RN,21
6H11SN,8
5EGCLE,14
J334VQ,20
Q3H6A9,9
USBNJX,26
9OLAZX,20
LU8IXK,3
YHTSYC,24
RK0J7T,30
SYR12D,28
S3NJV5,20
MU8FFO,17
9YLPJJ,18
CKIHW4,9
YZWEDM,22
5R0IG9,14
A8IIBM,22
80KFJX,25
J3BG31,14
B79ML3,20
4DWS7V,13
3KDZDF,19
5TIBIK,13
806YYX,26
MMSIJ8,23
WMPQAS,26
JL9UH2,16
R9P5B9,16
VQLUAL,17
DL5JDY,14
IB1DHP,20
R3HO90,8
EMRACH,11
7U56XD,29
97311F,13
0WDNG8,24
AZ30GT,7
GHFA3V,14
3W5C91,23
PL4YBA,9
Q250ZU,17
GXL4QR,25
9CV5VZ,12
JRJLJ9,24
FX6FXL,9
PTUOLJ,12
QRUR16,24
EVB5YV,14
846JJD,14
YMYKC2,14
3O7F3Q,12
O54NT7,12
CZSD4W,7
LLW6SK,10
OGZJ05,12
OBP21K,11
8HXFGA,37
BZTL1B,11
1ZQ5TT,35
THY5HM,12
4QOCY1,22
UQJ683,20
TYG9CF,12
TIFJP4,15
JE9U1M,13
9YT86X,17
9JZC3V,25
79X1R5,24
LQPNP8,16
TU076J,13
Z9Q7EW,13
6IWJRZ,19
R9H3JS,31
1B5GKP,11
CV2344,6
CKCVYU,10
PUF28H,14
ANEFQ2,9
L66459,11
MI6VOU,26
6XIUG8,14
XG21YN,18
4M0HUX,13
SY9RU4,9
SKA6UG,15
NPVFDR,12
5DBA79,22
TZBGE7,21
LZKDU6,7
POX776,22
R9WEGW,25
ZDCT26,17
Y3KYDX,16
V53JO3,12
KZFJR4,21
V7LT1S,5
H3XN9C,20
UEGMVU,19
O3KW8I,22
ZOCQRF,35
49WGYG,11
KH2EMW,33
LQOA36,10
7P58FQ,15
FYH6AK,14
6DEKW8,23
9ICIWP,16
QFA8PY,16
UWCUOO,26
6W8U7K,20
Y0UASZ,8
RSWC3B,11
E24P32,9
9CWUGE,23
01C8UC,23
FSNUH3,19
5R5E1Q,23
CBDT54,21
AYPR5X,22
OQGN4J,5
3SEY6H,9
N8WZZL,13
G631J4,21
RP7CPM,30
SFL51L,22
KW4QIS,16
TMQUQI,14
2MQANC,26
DQ1CKE,14
4X0EGR,14
KHC1SH,17
HE23RX,13
KOCV6H,6
MDSLH9,6
VYBBR4,26
8NXXX6,15
EZP9JM,13
7XVS8Q,13
8R47Q7,10
KKXA0T,18
S6WVI7,12
72KQSA,16
SGZFVN,19
TXYBSW,19
1VBH0Q,11
EHVXVA,9
QIEQTY,15
1MD70A,16
VPBBVJ,15
6V5K0Q,8
TJTG6Z,27
TPBUE6,20
NN8P63,13
Y2BY2D,9
59NCAK,14
3MJ8BZ,19
8SCOHN,31
OZULW6,16
LT10F8,16
TQ831M,23
J7KECQ,18
XI8N7T,13
YQ4VKX,8
CWEBU9,8
E27VSR,4
HJ4LX7,17
ENAUFH,4
MCMJW4,22
ES8T7H,35
FTM5Y0,16
H1NJ8U,12
67RVGH,17
XYBIE4,9
3GI8H8,14
M0HYYD,24
JNKWAN,24
S7QALG,13
VWXISI,18
PYWE27,29
D7X7FV,17
TOQEUI,19
LTIQFK,19
QUXRPS,22
KBXN5T,20
5KLL2H,19
NUZHJJ,11
9X4N1D,34
YFK1P2,14
GPRW31,18
24VC60,20
5M8FLU,17
7SZYH1,17
8FUMR0,4
1LD7OP,13
OF54JZ,8
7H93XF,8
O04W77,7
BDLWU0,16
HSYRPJ,20
MFY3ZI,20
1OM73W,29
KMJY17,22
XH10HI,11
CW4M15,6
DOJRFW,19
FQB4DW,19
ZNW278,9
ZPXA85,9
J9FJ29,19
A271P7,19
J31VEZ,23
JT63DZ,10
RMS3U4,12
X2AVOL,17
LADDIF,27
8BISOH,8
6K1KN9,4
P34G21,5
5HGTGS,24
D5FAGL,24
WB0U72,29
91K7WJ,7
W28C5K,15
BNRVS7,14
7VL5GR,7
L7NMD8,24
OGJ8V1,24
6IFQYG,11
DP3013,23
030JV1,8
DDC7R6,12
Y1U5L2,26
EVRZ8O,15
Z3XME3,22
ST4VJH,10
3YFQ9K,10
VZ36GI,25
30ESGQ,11
4CIDK2,17
DFFLXB,17
0THMGM,14
UPCQQJ,27
ATF87L,16
X3XVXH,14
L7ALG1,11
TDR1YF,22
SKCIOQ,21
S7QX6C,14
H35K9X,18
BTPIY5,31
4NHQBP,14
5DCFLB,15
LI7JWA,18
AY83QO,18
5AWSFI,21
KQ98BF,18
GR8AKT,31
JE39WS,9
HIUICI,14
UYP5F9,21
DUFJW0,41
GP9L80,41
YZYV0I,18
JE8CLB,12
DBLF25,6
UAPJIC,18
1E7R5H,20
4J2DT2,24
V0KGWC,16
8DD03O,15
93UJ4I,25
CKDI0K,11
0UEGVH,37
P4RZMH,14
LZTR8C,23
MWICXD,15
PV612R,14
16TF0M,11
S62MOV,13
UBE56O,9
MHP1DT,26
3FRUH9,15
I6STU8,37
5DBB3T,12
OVMS31,25
RUHM8K,20
MD0VLC,23
IBUQXQ,15
QQKA6U,12
FUQZ2I,12
E18PIU,12
2RFK0I,18
TIP5C7,10
XLROVD,13
ABPQR0,28
5TCYHR,6
ZIVJYD,8
EK67GM,25
P841PP,2
F915C6,13
QQDZE8,13
5IIMZC,18
KJ6ZFA,17
ANBUF5,17
TGVMVH,14
5OQYFL,5
UUGX5F,9
1LV0BY,15
PJJ1TH,20
OE9HMH,17
HQOL9N,14
0I3TVL,6
WMYDKJ,12
W6S1OW,11
ZC5VYZ,9
X6G15U,13
GQHGX3,27
SOH0SV,11
KYNX89,17
FB3QXY,13
0E5MSC,17
ZWPM4N,13
PPC2XA,22
37Q2KJ,18
RVXFLM,21
MK4023,11
UVUQ8A,14
VPDIUT,16
KIAKRN,13
FJLSB9,13
XHLGRA,12
O3PST8,29
SR3RX8,13
UCL5KD,9
TNMCXT,22
V0EY8E,14
74TUDG,12
2NX983,12
ELV540,15
88FDXO,43
XWB70X,6
F4ZFP7,11
RIF2JD,9
I6YHD8,14
G3Z5YA,11
Q4GP6E,5
AJ9LJJ,27
3VG1E9,9
RN8G7L,11
C1T6XA,12
HZ3HB8,19
5VQYRY,14
2X36MF,14
8LA6ZB,15
SIDUQA,15
P5IWXJ,9
WNYGK6,22
Z18SXG,30
S2TI59,31
3XDTN2,9
0BJYFH,9
HGTKW7,12
80XVQK,23
SCQ1TG,23
W6N01G,12
53AYNU,14
EPV5KN,14
BELM6B,14
BZOTBH,11
IZ0541,16
1JETI8,29
WFHXU7,27
C88VCI,9
TKWH75,20
14B2BS,3
47HOOW,5
7UZO2E,19
M3OZ22,19
S2YKTU,28
1QI4JT,28
6R7F9K,10
OPO1KZ,22
I2S7XP,8
O6MUH4,14
9AH2BP,25
DLT6A0,27
5ZA0UG,16
DFEBYF,13
9GXFPA,16
KBNFUS,32
N77CIP,23
HKBJDI,23
9RGN7D,16
SK5EMZ,28
4TT96G,12
8ESJ1E,21
3C2GBD,22
36XMLM,12
B6G3P7,12
XH2JKM,16
ABLCOE,15
T33VWP,23
PJXUUU,27
5PIM35,14
14GG4G,14
U75N72,13
HHACNV,19
P0BWHA,14
F49AOZ,13
I7WD1A,13
7F086Z,22
HU1L32,14
UP9I7J,25
LQGRZ5,13
DMQP65,9
18WE8Z,18
XQSKDB,6
68ZPW9,20
JXFSB3,33
H6KOT3,24
JORCOG,11
N7NJ60,3
APZI75,18
MFJDOY,18
R9JWFV,18
QMVH9D,22
FKH06N,19
1OZGM5,17
SZ86FK,28
1GWGCT,21
N0X7YZ,17
LGGVJD,13
KNLNPK,4
8CMWT0,33
SYC6D0,20
K73WWJ,13
9DG1ZL,25
PBI4G8,16
2FX7J8,18
Z1SOYZ,14
M4KFNJ,15
Q4O2M6,11
YAYO3S,19
NV26CX,20
ZYEKPG,20
PYH0ZG,8
RJ2JTT,15
V1GFU5,23
XE0GIR,4
MGEHXU,21
1LKKOZ,19
D99Z49,36
FMNAJR,13
GK6SHZ,18
ZYX5UM,37
XMJ7TR,9
J0BQA1,13
6BTFDW,12
3CL4S5,33
XMSX1J,18
2H3L96,33
MZRJGD,11
6E3YW4,15
2J4AOI,15
TZBNHS,20
6N1E4P,15
SSLY3D,13
YZ14CG,7
VRKBM9,16
2WZFC6,17
TZX7OW,17
GW7MNR,12
FDBR9P,13
I0CH55,9
2T9J0M,19
J7V5SL,13
I976NP,31
GBR9AW,25
025EV8,16
SLYG6A,11
RJ5LKI,16
MKTYKA,17
4RY8YC,8
P2GNC8,15
G4ZKTX,8
XD4IE8,40
42MDXC,8
F2QJBT,15
8NU544,13
MA6S65,13
U9VTWA,28
6XEPRQ,14
93SPIK,13
YRLYHU,16
0JD4H5,14
8AXF16,8
08ITD6,21
KCNIQU,25
Y2CBXL,3
NDN1U6,16
UVGW3F,27
XZZIVD,21
GDE10C,17
5R50XZ,26
W68OP3,16
FGWKAJ,16
7K0KRN,16
5GAGWV,14
O7O5YK,24
JP3ZM2,4
NTNUK4,10
V36RPW,8
2K0PKV,8
CGYGDX,21
CY1U5Q,12
V4F9ER,23
4EQ42H,12
4UV98F,11
JE2CCS,11
BLRUCB,11
XF0Z8R,7
4WOE9S,7
SGQ4WL,27
K1E19Z,28
JLXYPN,7
2I0PP7,17
MFGKN2,22
97LI05,9
CZZSXO,9
D9QIJT,13
H61MVW,19
VBYQAE,14
M5VCDZ,20
NN5V2J,14
SJQ0K5,23
FQ6AQW,15
4S6SRU,16
4YV1RY,26
AOGP8P,20
BWCAP7,16
YABH73,14
DA7RF3,9
XQX5CT,14
DG82YY,24
T6NPHB,10
JFU8H2,17
KRUZEA,12
JURWP8,4
BQESU9,10
KYOC21,10
80AVMO,16
ARCU2B,31
2CWVLK,20
OBD5NQ,4
F2Z85V,12
C6RILX,13
SRO7YF,15
O3P2X6,14
KGU5CT,8
6XLPQN,11
K5B0FE,23
Q93BIZ,10
TOZ4DT,24
S09WWV,9
9RCNOY,14
OQ9CA6,14
V6FPDH,16
9080DC,16
GFOPR1,30
06LSSF,16
018PN7,12
JECDUH,12
4MXQJM,20
J7NVXZ,10
ZHTUVR,10
3YR19T,16
2M2TVZ,13
NIKP5Y,9
QY9IQ8,19
HV1UBY,10
AP7NPA,10
HUCA8R,10
HNPD5Q,13
OTGHSO,22
WAC796,12
CS1Q65,16
87WM7W,20
USHPWX,13
7A5B5X,18
BNFPXG,20
KR6DF6,13
ZHO4WB,16
IWJHS7,12
V4Y7YP,15
MX41HA,12
EJPA8J,12
QHDI5N,14
DHASMC,3
GVJ46V,14
VC8VLQ,15
EGC0LI,28
LXLCNV,19
5TM90I,8
T13OO8,16
ZHDNP3,35
1809H5,15
24W6LY,30
EGFELW,23
YZDJ3H,23
52JYFC,18
REMUTH,18
FSVVCK,2
DL6K7V,40
BS29X6,27
OK3W3D,9
3SGHM6,21
5EOCZI,21
UADMTH,14
OGYNYK,10
24TQ1Z,10
ERYRUZ,19
5LYYXD,22
Y18RWN,10
OVWKWW,8
H4LHN6,27
TERGAT,10
3ES3Q6,16
EWI2G5,31
V0NVX7,14
TO16O0,14
NNY5S2,6
QGFCLI,17
0AKLGO,10
SAS67L,8
VFGEGQ,22
3HWBON,21
V6L6ID,10
K5H13Y,20
QAYHJI,13
5NLGUE,15
RUX38T,15
0578LT,28
ZZ8CE4,25
N3IXU4,14
DACVDB,15
3Y4AAK,21
1LSQ3O,7
TT1MLK,8
OWZON6,25
T9FFN8,14
30HSLA,12
Z3QZLY,9
DP0HMZ,24
2O9FGJ,18
XX390Y,14
AWR1NP,14
AYA6DZ,7
DN22VS,7
TVQ497,11
0CE3ZU,13
R63IHT,13
IVDF1P,12
BFL071,13
HE0I8A,13
32GZN7,2
Z19Y99,17
JIYJWF,13
ZMDUNT,6
FJWP8J,17
BC3RP9,19
V1XRFG,25
AIN8D7,11
RI7G7E,8
ZDFJFC,25
FUI590,9
CKEZLO,10
ADRIDY,10
CV096W,25
LN1MRJ,30
CNT583,18
UPCM1G,11
G4S883,19
UT4WUQ,9
TJ38O8,22
L4O22B,13
JUZOE2,8
QRF5LL,11
PHVAIP,12
U2DC72,13
GBMU1F,12
U2514A,14
R7B360,23
JCHK0Q,15
BW6BXP,3
ESQ53F,26
3QJQUL,14
3N4VGA,23
0SQQOV,12
TT80BX,15
D1CZ42,9
J526TM,39
IIJGEQ,13
PRC5BH,24
P1SO4H,31
V6VQE5,25
VC95GE,33
D7MPS1,14
SS5LTV,17
6VXCEJ,31
5RVWFP,25
JXKMOD,18
HTDW4F,13
DGWSBS,29
BAFXNK,21
9LDKSX,15
48AJHA,16
G8W9SZ,19
H0V6DF,11
XG472C,19
NGLW7L,19
R7A397,13
Q8D23Z,12
6TVO00,5
G35RTQ,21
N3IBSO,7
MAWDXA,9
13DK92,32
MWZKWO,21
FPJD3I,21
SXSXN7,8
H0HZAS,22
LB5J54,12
C9YTAV,10
JWTEHA,12
7O9NYC,24
D3A25J,21
70NQ56,13
ACSJCS,13
IWHNNB,14
MVS8B7,23
0VVY3Z,12
KE61WM,22
FUCNGY,15
H2U0GM,18
JFPV2U,16
OIAPSU,10
Q6KOQH,13
9OG9GT,9
O7RJ5G,4
71I57I,37
B2K2ZO,17
GLNKQX,33
MKQF6H,10
8NNE6V,7
0T8Z1U,13
ZMNI9N,19
ANGM8K,3
Y6J5GV,10
B6WQWV,21
4YDN0C,24
8CFQL8,11
RUGW3O,10
C4GPPI,24
RHYDUK,23
P3PGPX,27
QJRO1F,18
6WY8EQ,26
J0WPQE,7
ZFTLKQ,12
1PS0U9,14
106OFA,17
U0WMBM,12
6N1SCT,20
8T0PCZ,5
3HX048,12
WELLC4,12
TUNU37,4
7JHGDH,10
X4HLGX,10
ULUW4E,10
0N5S1U,21
3529I7,20
R8G8E5,29
HA4WHU,14
4PE0JK,12
MJ5DLX,19
0U7NNG,17
CML5SQ,15
8V9E8R,15
T31YM5,10
U70MI9,19
FDNTM7,14
ZG8XSW,11
J15RKN,16
V9RXPV,13
066Z18,20
LIPE7W,28
H3IQ9I,14
GOZZ6Y,15
F5KSEE,18
JSXG7D,16
AH4387,24
OHFNWF,22
H7EOVJ,17
7L4DVB,4
N8VS47,23
8IS8W8,10
GM3BYA,5
7PIWN0,7
QF6ILZ,14
0B852R,14
PQ10XQ,19
CKHVB8,12
C5T22K,13
QBMEMX,23
39EHS7,31
4SEUNJ,23
Q6L6W0,15
VKR0EO,5
IBN25D,17
7O5IH9,9
S7445L,8
WE2VS7,8
5M267L,31
DKXMJ7,19
17X4B2,14
JGV6YV,19
DI7WGM,14
ORY5PY,15
FFT4KU,19
ZN0XSN,26
L2NI2C,15
NZEI5F,16
X1XGOH,12
TMG49F,11
IZRQDQ,16
35ICKF,22
3K3VGV,4
31JIBU,14
JWJ8OL,13
2OTM3G,15
4A78FM,10
1TUKUO,19
P2GFX8,19
REM6KB,10
PI6J5K,10
XVDCZP,8
ABS03L,23
Z3XBHH,21
986NRS,14
BYX5P1,12
6XOL7Q,12
32Y0MN,25
UAIRAV,22
H1M52A,19
ZWTK5U,13
IDSCYZ,15
LYPOP7,6
QWNH22,28
TQXW76,13
L48NNY,27
OIGLKF,15
JBRGDP,11
3TJ1X8,13
D2Q0G9,16
NGTR2A,21
ZHI00U,21
F3AD4W,6
WZKNPX,20
JNNRVJ,16
JBKLV3,11
QBWJMH,10
UEUYOD,19
L850RK,19
FMSGEB,13
YL4EXJ,18
8WWHZX,10
20QWS9,26
R0NDH5,17
X4X07X,28
BAWM00,19
3GPHLK,8
XET5YA,21
FK9RHG,10
WF6BUN,31
E2W8GK,10
P4UQXS,13
UDCRNA,7
5LNS0N,25
6K0VVF,15
JPXYTY,35
ZDFUQF,3
N1H7TL,3
G2UYO1,9
QD2AJ5,19
89XP3W,9
27FIX5,9
R5K2EX,19
H08ZRT,12
33ZH3T,12
LME5UY,14
SM6HLV,19
679M2G,22
GKRRL9,28
V3GKIB,24
8T70FI,16
AH5U8E,10
SN333N,24
GBO7PN,15
N9XGJP,10
YHQNWC,18
2LCHK6,18
UX0URZ,9
6ST4O4,9
GHK3WC,25
J7HK0X,21
NN3EWW,12
C78KLR,16
9ZYDA9,17
39DGGT,10
DLJC85,19
HOLNVM,19
DTQNK5,9
43S3W8,3
P2ZVBB,14
3P3ZN7,27
O5G4P5,16
11CDSL,26
UEMY7U,10
IT6XGO,6
78M668,16
NQVNIR,26
A9N2JJ,17
BV7X9E,19
IW56GB,17
BOZBA4,20
VQTYP3,12
UKO9H7,24
QCIWR5,28
5AP9IC,19
Y5XE7Z,16
J6OZGW,5
BP72EB,10
TY0559,5
L7JJ9A,2
TS7OGM,24
AMP7FC,12
DPVG48,20
3P2VAY,15
HKN2GJ,11
1AUKBW,7
G6L75L,10
926YHW,10
TWEK69,21
CSAVD0,4
N0QDPL,20
BET30D,16
BBY4XS,9
0PCU9M,9
I7T3QF,7
U6AWPV,11
IUPDLD,16
91BR74,14
J7V3CA,10
8FJS1A,10
TIBQCR,18
OLE72F,16
NHU4A2,39
R0D2MK,8
9Z22MC,19
Y1B60V,23
488G9K,16
HD0L1D,13
AKEN6P,13
OPRDVM,14
AC0JSL,19
Q2U8AQ,16
WERAQ3,10
6FM8AA,19
2NAXF8,19
5B25CI,14
WOB63N,20
G520KA,13
O7FIMG,24
7K2HE8,24
PFO8XM,26
UTERUS,18
A4GEX6,14
POUC1P,21
7XJ8C4,16
TP06TT,12
WOD8GI,13
2CT844,9
QKPSPP,21
DPUF9K,7
EK1NLN,29
805CVL,30
33TSQM,12
CTD2A5,15
V1YSV9,7
SUSWE8,9
0O0DE2,13
RU0SRK,17
ML5KUE,19
OPW0SA,13
6067Y1,22
RSRPKW,15
S1ZLV3,14
T09CTC,19
DD3Z1O,11
B7S4I8,19
7PVE5N,19
QHV9HL,9
T4POD4,23
ZYH605,10
ONZIQ8,17
I3B5GL,27
U7LMKY,14
L0SHYV,12
L02FGB,6
77VZX7,7
3182C6,16
6985YK,17
HJZEJF,17
PINLA0,22
SW4LRF,12
JOAX38,21
VIJTA9,10
UCVEOK,16
4G2N9Y,34
QFY3JL,11
9FKK9O,17
TIUW73,23
JU03S9,5
PR97PV,0
U7UUEZ,14
3IVPAG,14
TCDQQG,10
J1CYY1,15
7KNZQG,14
3B49SL,25
27G6L1,16
EFJLKS,10
8PQTWL,9
POKPBG,22
A3L033,15
6O8Q7X,17
LLER9R,12
YIAT6E,12
0WEZMI,5
YKD5M0,16
1WRORA,12
G0JGXH,13
1XHIX0,12
GVA8CM,26
Q5MHC8,29
NID14A,5
H7DJCD,19
XCXB8D,9
3KZ8M1,9
QU61QT,3
2HEYG1,21
85NN74,15
AY5GDB,15
8VEQHD,8
88WXZB,14
IV1XDB,11
IUO78U,11
SXJXRL,7
76JJRR,35
HSONLL,27
FW5B0R,4
W55A88,15
6EZC7D,15
C7UIR4,15
W49E7U,30
UWF3LM,10
ZYZBVB,10
6LRPOE,16
3FQY5Z,13
9JJYSM,10
1K8HG5,12
Q2O695,17
0BSYQ1,19
G9NHID,16
LJIPDA,15
JOOD04,12
LQZP5U,4
XGCWIU,14
YBOWPS,10
6NZBAG,4
2G7AGB,9
XY5S4E,12
1BF83W,19
CTQK2E,33
YWMA6X,11
LTQZ6Y,11
5N6OQY,11
TKSB2W,19
XXOOEE,20
ZOILM3,14
DS0ZU8,9
NN9FP7,29
31PZR8,8
BULI7U,8
J0X5OF,23
J5K11S,24
BZDAGX,14
EOAJQO,15
VL74Y3,15
V2IKBB,4
YNM1SQ,11
67EHYY,21
7X9E5T,28
W1FZWN,15
4IC5DL,22
OF7ZB8,6
O3SB2K,12
H8K3GQ,18
0ORCLL,16
DQISSD,7
EMJ02B,7
L2MKMC,27
JIL9UC,26
17GU9F,11
8AF2AD,11
ADZLZI,25
6HU72I,10
YLN7JZ,10
H9GXHF,21
R8LAMM,25
FRUHCJ,34
7PHBW2,34
VRL8D2,17
M84E0Y,17
EZH91Q,8
TPTO3J,18
IN4A6N,18
TQ0PT4,21
A3U18R,5
UBOFYZ,13
REK94B,20
IDCM88,14
48BH1F,16
X4A6HV,15
OX7GOU,20
4MSWNU,26
EF45P9,7
O3OKI0,8
CTZBT2,16
COHEQD,6
XUZTU3,11
78RN47,16
H9YAO9,21
WWVHA2,18
BW7ZQ5,21
ON4EKF,13
2FCX6Z,10
9IN3D7,18
PX2UT9,6
DXYW8R,25
TBRP19,14
HX69QA,6
BBX9NR,13
Q397SQ,13
XZNCZ6,23
H88WOB,21
F4TEGX,19
EUW9HG,11
1E5EV8,5
XMN8CL,18
43WHL5,14
VUUEYZ,21
FSHABW,21
3E7NZ9,19
72OUCS,9
5IDBPG,17
VVDDUE,13
AEBDY6,10
4WMC9U,13
OH717Q,11
R2TS90,7
QANZ06,21
5SZDDL,4
N2L5DQ,12
RW2IVT,8
SGXGBG,28
X3GIM3,17
XXTSOD,7
A9HRW5,19
VY7EM2,8
D2NVBN,15
3X4F90,23
QCH55H,22
5XBIBI,5
BEYPIX,13
05F1JO,11
A5Z1YK,13
O260ML,19
XHJBR7,11
YYKSW0,13
ZGFNZ1,18
W5B81N,7
KGP4DX,22
FM0PT5,16
BSP7U4,8
ABE7P0,11
O0O567,26
IIXF3U,13
7ALYDZ,18
9RXS7Q,17
3UDJ9Y,16
D0JUF4,15
B7UI0W,26
R9E2T5,12
H89PYN,18
99ILX4,10
YY07FB,15
M7Y4M4,17
Y29QD5,16
54JTLQ,6
5DXW56,17
89SXIH,20
YIDFOB,17
DLZSQS,16
JAQ48K,17
FALOTF,4
EBWOL6,17
FBA0T2,18
D4JD1B,17
6PEJQI,4
18SOYD,24
9LDRDA,19
2WLYD9,8
96XV6X,13
AHFNXX,18
9RRW79,18
HLD2O3,9
11GRS9,13
C362L8,12
BAXZZV,9
RLKZSC,20
4BFZR5,12
AQSOT8,24
OS7VFG,24
TAB7J2,7
6VL866,7
AYB4Q9,24
9RUXS9,11
QMKA6O,19
ORMXN1,13
MJJJQN,16
9UHTHV,19
CUTPHE,20
BWPHSV,14
M15H2N,15
ZVQA4S,7
DTWPB9,12
TUC70H,4
D0O2H9,19
WE50JA,7
4EWIRR,12
SE7GJS,27
HZS7FY,13
JVRU61,14
LBMSKZ,11
A5IDZM,15
ZJDPHZ,18
D1KSC2,21
B26OWW,3
PBBNTY,15
2WY6P8,13
AJLQTT,26
DQ5TFQ,19
6EA1KN,5
WZNDIW,3
QXXN21,16
0N783I,13
4XPK0O,19
925VH4,8
JQUH77,4
BAZYUT,17
PFVMJW,20
GK3SRM,7
49Q30X,15
VEFJVE,9
ZXBHHS,9
WHLJDN,17
BZVPKG,16
JC4L1U,19
MMTX2A,10
UFWRP8,15
U9XDJ7,21
10JT5X,18
59BVX7,18
X3T5B2,18
2NKIJH,18
45YNBU,11
W0O9FF,11
LUSSBI,15
AF29KR,21
NHZRFN,5
631JJH,13
JBT7W1,8
CWXDKV,24
QJ0N8E,33
T5N0L0,17
GFONAF,12
TUWDDU,1
FR2JQV,17
DJTIZ7,9
91LHSO,23
Q35FXN,14
UDRDA2,5
IY01C1,32
VYMITQ,11
ZEEZVI,9
PFSYQS,6
N89Y07,25
8FON79,29
CPMZ34,10
7J8BQO,15
9WOIET,7
D9IZVD,18
PDTYJO,33
E8IYSJ,22
X1N23X,36
FO57VU,11
5UDJFJ,24
KY857X,22
ZX31TG,23
A5YQF9,23
LOD29T,8
3OYRA3,12
W1G3H9,14
Q2WOH7,15
7JSBPC,24
LODWS2,17
04P8QO,18
E08QVM,11
619ZAU,11
L1845A,7
BEC43Z,30
1KLR0C,17
896K2M,29
RNPM3L,15
498WEU,16
0QF559,7
SJPDII,13
WSANUV,20
4PU0Q8,18
DQEK9F,27
NNU5BW,17
3M3A3Q,20
UT3BLF,11
SYF20H,13
RT2X07,29
L5XU39,30
MKY3DJ,17
3MB4VW,12
AAAK6K,4
2OPPVR,21
J03DKW,8
VERJKV,11
G0215L,22
6V6DET,12
4250RZ,10
7MHPUM,7
CU41U4,13
F8QE6H,10
4A888J,10
HW2H1B,17
VPIAA0,21
R12LB2,11
YNMBA8,17
GCG9VR,13
NCL7QT,24
6VO7XS,11
THBU5O,11
EXGUVQ,28
ASWHTY,28
Q18AU4,12
IHYA65,13
0BRQ4L,12
QRCKGS,16
ZUGWFH,19
MJL88E,10
MSX5YB,19
7BTE1Q,14
K2UTZM,22
RXS1P3,16
I9SYQW,14
LEMACM,11
VFQP2G,19
VWV4PB,4
99QWNA,28
H8C2I2,18
5ZJQK0,21
0TC3M3,9
M9N6XN,10
I2PA84,11
R9797H,8
6CUP6G,15
285L39,22
K57ZSK,9
47GMPT,12
0N9GSZ,17
6ED5OQ,17
Q4PR0M,12
K6QTBV,19
4IRNWV,14
6POYCU,11
FHYDWN,12
E697PL,6
S9BORU,12
OLL5AL,15
KX61QC,14
4OHCX7,15
LWNNLM,27
34ODYE,10
W0O87V,10
8NEG6J,17
PPW670,17
9FK4K9,18
W7DH1R,21
U06IXJ,27
W1WSYP,13
VF8L8O,12
ZZ1NLS,12
33PDGK,9
6FCOM0,15
HKTYQB,8
RMRYGJ,29
H0SQ2R,11
CK8RBS,11
QJWB3J,11
GELAKD,8
EYPC3B,17
TZJFOM,5
LHX19F,9
J4GT5S,22
MNYSMY,9
0WOHK5,17
VXX0SE,29
AS99JI,10
7Q5TPS,17
YR82II,16
VJB1S2,25
R4V9SY,20
N24YDW,17
K6NMG6,25
GRIJDA,18
230FLU,28
85XWEZ,28
MVRBXZ,8
ID78V5,15
DUSVDU,12
R5KZ6N,13
D6DZAY,28
SLV3SP,21
N5WC24,12
W649HI,18
NLA30G,32
SPKNFA,7
KABI5S,26
COUOR0,26
U7E4IT,11
BSTJO1,14
GFXSIC,19
44KHQS,31
KS4M9U,26
Q69I8Z,27
3PDEUB,12
E5ASL6,35
WC50UR,20
NE7XEZ,21
LKVKNZ,21
E7II8A,17
UT6XM1,19
JPRMFE,17
CEAWIA,36
MP30S2,23
F30GWZ,18
9KA1B8,22
6Y5FS3,34
J7OOBF,22
EU5DDM,24
BCGZ48,29
LHFSTD,13
110XSH,13
YO97M7,33
JMR818,21
F85X8Y,33
RXWDRF,26
95EU0E,23
114XA6,23
UELEFZ,18
KHF3EB,22
CEWKM1,22
SPMFTW,17
4LHSWZ,17
81V9QK,30
234BOE,23
7J9T6K,23
HUPSGJ,23
LKGCDQ,23
M3NP29,31
V4CTMI,8
JW3NP9,16
I3KZ2J,17
FR23EC,40
OZHCCP,21
4OPJIR,35
FIH27G,29
H3CVA0,40
PY9ZCR,9
WUG5VD,9
BW8MQA,17
778HO4,23
7AHXFT,15
R2IXRO,21
ITPY4F,21
NU87GM,27
EHGOYN,27
GYTKN1,39
BURW28,42
UM8FHG,32
L0CXV8,15
9U2RKX,15
ZYQOGK,19
SFUK8D,19
DLHGQP,22
9TA644,23
Q8ZTW6,34
OVY6VA,11
HI9PIY,11
7E5JRC,37
OWKHAO,20
VKXWE0,25
VNQ38Z,17
A7ZZE0,17
UKZRJ3,11
JG3VDK,11
PWXKZ9,14
Q2MOTD,32
NBEW12,23
E8JIHJ,19
AMVEIY,23
SFK8QR,37
B8W2CW,16
MTU1BW,16
2XSMSS,9
S6PEB9,15
3WROMZ,30
H7RPEJ,32
G81RUV,13
NVVYXO,26
VX1RQY,41
KV79SC,6
271OUJ,18
SEEQOS,7
BJ2X8I,25
XAS5HM,17
4QBOUF,17
O333ER,14
APIYX0,19
UP69D3,13
77EK19,20
3ATFTD,15
JQTQHS,15
QLU1OL,33
PRDUT5,19
36JZXT,14
NYJCQJ,18
AI7A3E,16
UJM52V,22
FT3U24,9
45C1E0,11
YJSKWO,11
8H20S8,3
QDHOA3,13
PZ6BAY,18
ASZGM5,19
T21G61,8
2IKJYO,16
FUBLC0,10
3DKNUD,23
Y82TBN,14
JC7L5M,14
B2WLW0,24
F3PKH0,24
TAXF4E,9
QIJNRF,11
WMORJA,11
ZUTQS1,26
VHZUKF,14
BFU117,14
YJ82G6,24
NAMYR5,14
3CKXVH,11
Q0D2OQ,10
K01R50,19
LA80OE,19
F3U1MG,14
KV2UIJ,17
HODG1B,17
WAGVHL,22
7QK32D,22
OXFTVD,19
TB8DGZ,19
9PIX9W,18
4KFND8,29
U89YKJ,11
19CEVH,11
I63X7H,13
LBA9GP,8
RUHJEE,19
J142BK,17
S7UER6,37
87SFZ5,12
O9RUKB,12
DW0RCF,23
3OS3K1,10
7ZTM80,6
FFT8OQ,6
LHZ9AF,20
T1RNGL,19
PGLF57,24
TBUEZ8,14
N2UOJ2,14
LWRPGV,10
K9CC0M,14
WJMMMC,19
M78T1O,17
THWWTC,22
783TZN,16
NDX2NB,12
ET0QNF,19
1QLLIV,14
LN3GPZ,27
DEOJ55,7
CW3BX9,15
DQLTW7,27
M24YQV,6
26EQGN,27
IEQW5I,25
K0M04C,13
L6496G,19
GZLS45,12
JE5I7T,12
CP15BP,7
238KHM,22
5G2C08,22
4PWU1Z,5
VIUIA4,16
5VRS01,13
IKEDCK,13
A7G5VA,8
0MDTLL,27
KSBMV7,27
EXTDER,16
YPZUZK,18
ZMH2ZQ,25
JOLHFG,16
F0OWGK,8
TXES4P,8
P66RK8,16
VZ98NO,32
FPWW5F,19
Z5JIAV,18
Q7NXY3,18
P87WZV,18
79X30S,19
91H8DC,16
5LE0Y0,14
2F3IDR,14
81COF5,16
0R5BI7,15
7LBIA3,16
R7U4RZ,20
S8JDOR,31
CYYOZG,25
9FL809,15
QAJ7CM,15
URQM4R,17
0E48CW,16
PIPPRA,13
I2E4IE,13
BW7G8Y,28
NOMGIQ,8
8Z4AHE,10
UCCE5G,9
NRFAVA,20
3E2OGA,19
SO4VFM,24
AKDLWW,26
WRFB0S,19
5FPE5P,9
F1X2TJ,9
IRJN7H,16
ES0FZ1,11
QYL0K5,23
S6PDW4,23
SN1IRU,12
PH3UEP,15
AGFZ3E,15
WJ5NKD,32
SKJBQ3,19
SAP2T3,10
88YZQR,25
YEO5TA,19
VT6TDL,17
KTWCH3,8
BOML9Q,18
CBDQNZ,27
4FICIH,13
SZAIGJ,16
VDKL5S,21
WEF4S3,16
IHTQWQ,12
TV9OF5,18
F6PNXC,18
CA2PLL,24
MX41US,16
9OSTHP,20
KP1BWX,9
GZXB28,9
TPAXTB,22
FCOMMD,30
5KMH3R,6
JM5WZT,9
164QFW,18
XTPT3O,14
GNOK4I,17
ZOW82M,24
ZNWO4J,10
PPR0FF,24
HQXCK2,19
1LO290,12
R2V22Y,10
B6947R,32
B86SJ0,16
QWXW79,4
KCNZVM,12
MLVKBP,12
ECH459,18
MM0BTX,15
IA4CU6,13
SFZQHE,30
Q2CWUD,11
0L9WCV,9
X6VYKK,9
IUFUYM,9
XCIJO5,10
H0G8JH,22
VWZSST,20
HDZ7E2,13
07GL03,9
S68WR2,16
TPIW8M,15
XNDSI7,32
GXP01H,17
9ERNA9,10
ZN5Y2G,11
372IIQ,13
COL5CH,15
PQ24PE,15
12B1L5,22
QMK2YQ,25
G1HE20,19
L807N2,10
5SIQK9,19
7QSC2V,23
I3Y6DS,11
TWFAXP,24
KS1SRC,25
5BF3ND,19
OFN7J5,11
I45YCZ,9
KLF81X,14
2FHHKW,18
MWZ5BR,18
ZF3AZS,17
PISF87,11
1YKLW6,14
31M898,23
C8UB1X,19
AQXKKC,15
PJDRKL,9
ZQ5CXT,11
A1F763,11
LW9GCD,18
XHH6GF,17
K2QSO7,14
9R3MK7,15
DSS300,26
58J7F8,17
B4Y9FX,26
6CD6C5,11
FVMCOZ,16
8UZB99,15
PLS94F,15
QX1ZQF,16
3KKR6Y,20
66A10D,3
1ZZ821,12
G0SCN2,16
X795SJ,16
8R3SUW,27
HZVL01,14
QDCB80,29
2Q2SFI,20
FFV5I8,10
ZZQ4KC,32
RBX16N,15
4UVZDN,15
WHHR7R,13
72WC0R,9
R5INMF,9
DXKBA0,24
XRE958,7
IWOHE7,19
CLT4CI,30
JKFNB7,12
RL95WB,16
J38W9S,27
DRRSOV,7
NYRWAB,15
DTIWA9,17
8RMPTB,13
IM31QT,21
8RUSCN,17
OPPDTY,11
1JMQG2,13
QR1SPQ,14
ZABKSH,21
BK5BW0,20
IBQH5Q,21
94B1UN,24
15YE5O,11
BE23GE,15
FHF8E1,14
REJN5W,21
RTX0Z6,37
5SGH1Q,14
WNBOV4,21
SM8VPA,21
ZOCLCN,23
8K7YJJ,12
H94B7A,12
N7Y4P1,26
BEIWFB,6
K0YS58,26
VPZ545,12
CARZ8K,18
ONKS84,18
3GO1UJ,19
CG8M0Y,19
WZIMYC,24
R5CU0J,18
SD1LGZ,21
RUN9DW,14
JL8VA5,24
S4DYQ9,12
2FLFC2,30
YETN42,25
KGUN3T,19
0B2D76,16
NH540N,13
BRQQ9P,31
QZEEX5,26
TPRIEH,11
7R6AK8,20
S4QC7P,13
D0XYKA,24
12X1Q4,16
UV1835,7
YUOGWF,21
GXS3V5,21
PKF5ZE,21
AQMPH0,15
DCXCCC,15
5ANWR0,21
KXDPXN,17
GKV91K,20
J7GIIL,15
VRL6OC,9
BSPP6F,18
IXES9D,16
TP1HN0,17
1T9WNY,22
Y2IMW1,14
C7WGP8,21
BER1FH,6
ZCDNQJ,12
WKG2MB,9
XLF2UP,12
KG4XH5,15
4DKCKA,19
M5FFQ9,21
JFW73S,26
1HBJRJ,10
7AM5DC,20
THHJD2,11
ILWL7F,16
CEBQ9U,9
UBX9UG,32
AO17SE,30
CIYQ94,17
1SBA3G,9
2JN4PK,13
YUXUAP,18
M8WEX9,7
VHZI0P,29
QSF605,24
NITK4F,10
8VFLKZ,8
683Z4C,3
C2IQVW,12
8NETOF,7
4GG54A,9
N10PFD,25
RIF043,26
5U7PLF,13
2C07TO,12
GRGJDN,12
CXRI98,29
KN9NUK,16
97Q0PG,16
4ZG7F1,19
SZFOG0,7
8QFSDU,7
7WR52U,17
8QNN3G,16
0Y63IV,12
G6SL3N,19
95RR5U,11
UEY1PS,13
E9PECI,8
L3I21T,8
140QBR,10
FPPVPG,17
038MJP,13
52K3BK,10
2EESJN,10
E1SDXG,17
8MNJ8K,10
N94YCQ,16
OFRHWA,21
BCRQYZ,23
EHZES0,18
J4YGHK,15
7BRZZM,21
UB6B3J,12
NHSN5Y,9
YRMT0G,31
SU40SN,1
INM4U7,23
8Z2DP8,17
X693H6,16
T0RP5Y,22
M5U63S,17
BS30YO,32
BZ309V,16
DJHJJI,29
UQ6B6K,9
84ZL06,4
HEJRR2,14
7YDSKL,3
D5FK32,19
E9GW2B,3
B3K67K,10
6MCYW5,23
B3BISL,19
K9D2TH,19
4R6AVM,6
M69QAB,14
1VHTMW,13
P4JVGV,21
ZTNPDB,8
8T2UTD,9
Z0Y747,15
8HLAMK,6
T2HBKU,7
1CGL28,9
VHQ69X,6
2LTFTP,19
VUVR5T,14
GYFC8E,20
8U1FM1,20
K270CO,9
5DY005,9
4FTF7J,19
RDOOYT,16
352P4V,14
42CQOY,11
7MGJFP,14
CIBOOG,5
H5VGAA,18
RVVFES,12
V912IK,4
Q4K8D7,12
Z2OEOC,1
RHKB7B,22
9UC7D8,6
RVH5HY,14
F2JZJB,21
MPQEYH,14
1QQMNL,14
TSWF7T,18
C5AHNL,12
Z0UMFA,7
SAKD8S,15
GYXTNF,17
XT50Y4,18
GO6G6G,13
MCNUOF,13
5TLON9,16
WQ5AEB,10
8MW2CS,17
UCDOUU,26
LV55TA,11
WTDOCI,12
E6Z9WA,10
9RBU2R,22
S04X47,32
HTXLBX,4
4KJX6W,10
EKSS1B,19
MRBC99,11
TOHNGD,15
4USJZX,15
R42KFA,15
PJVR7B,12
VXFE6I,15
7INS0I,11
9NU23U,7
PKXPU2,14
XRQH6A,21
TY3H4D,10
H3FXE2,11
F8TQZ7,12
X4UFXW,21
56JHI8,21
VH3Y4N,12
80UC6U,9
E1JJQ8,8
ZX9AWQ,8
VI0XY5,12
JQ2CM7,13
5BXF75,8
CODPZO,4
6R0G1A,12
72SSI6,16
UADQ8V,12
82118E,9
XZCOQZ,19
X24ITY,15
FC7S48,21
26CWT3,10
8ZPFTC,17
5K8P9P,13
1MTFPL,5
EL24OS,15
M660FK,12
JST1A1,23
UEU81G,11
VZF904,11
6S0XRO,24
3593QU,11
XAG7JJ,6
0080KS,11
HXKUWE,17
SXCDP3,36
X38WDP,19
1ZORPI,25
1A2YHY,16
K6KY5P,11
EW1MFC,8
XO26TJ,10
9JTCLV,15
4MRX4F,4
1WUT2N,13
3CDSGX,17
32U62R,10
JC2SGN,12
5K0XDX,19
8OR0GX,15
LFHMB1,7
T4GTCP,15
996110,17
JI9MIY,13
8SLB1Q,13
PTN0L2,19
60O7SE,16
PQBS9E,12
W4Q7TW,16
2VMXH9,8
QHWNVH,15
CSKWU5,17
BO0IYH,9
ZVWKGI,17
Z4F4OC,17
KGTYMN,13
KFI5AT,29
QOJTC4,11
JO6H6R,11
GXKIM3,19
VCPMGO,19
8YELU0,9
FFZGIQ,9
TTSUNR,11
EPWTI2,11
GJHJRQ,5
NT1WUI,21
O9ZPPW,23
39S8TO,14
CSRCO4,11
U4T2WE,12
I9X2B3,16
5H0PJ6,27
DRMXTK,31
6GL1V6,14
OBRWTE,11
PENKNJ,18
N2EAGK,18
HK9O4C,24
6FWOXS,11
X0ZK4W,30
8590CC,17
403BJQ,24
II4ZBR,24
L0K2QK,10
WA25YB,31
Y1WIR9,9
TTWAC4,8
QWU6WE,17
557FW8,21
GCFL6U,13
AO2IZG,10
T5HRS6,13
YPOROI,14
ICX0LB,9
UR1BG8,13
BT99WD,9
A4FGCL,19
CWED3U,16
8DLFBF,23
3H36NX,8
MM71BB,24
85QYAH,12
FDGABR,12
U9CMTH,15
1H7EHB,22
GNKW6V,6
YTMKXS,16
W9UFM6,22
43GP1U,11
QVAXM0,26
PNQMQB,16
U1H2PW,25
W7M536,13
R1JXDI,12
F2ELMH,14
JJGJ9A,22
1NRQNF,12
WAOC2Q,15
E4OQHS,20
XVEW66,15
RY233U,14
6S23V3,15
3JMLJ0,14
6CIU7A,10
BLF1MQ,7
5GS4PJ,14
94USZL,43
MA8N6F,36
9A7D2U,14
Y7R3MR,17
I19BAL,20
3X9G5K,16
3PXW10,15
IG6VEC,17
5JYUVP,13
8K84MD,19
HMX7KU,23
BJ0PDN,17
AV2Y0R,16
2CL4Q8,15
ZRHWCU,16
6SDVCG,24
KQBIZY,22
BJ0DC5,12
JLQF0X,21
MYB8NF,14
YJYL7R,13
9SS6OI,13
SXRFXP,23
71YN30,23
KID5WL,29
PQPMBK,29
3429UD,18
6RKAHU,11
QNK38V,16
3HJJ55,15
854111,18
IWE27D,9
FSBLZE,11
9CTV22,14
EQ6J48,21
PYC20L,20
30O259,21
G9GIIB,15
5UEHS8,11
QX7ORR,18
T2R5EE,11
IHML23,10
69DVK8,26
2QJQOX,19
1FLTE2,15
FMFOWG,33
8KFFJP,14
UQIWG0,7
KMRZ4C,6
TMPAOJ,20
75L6GX,23
CJH4KG,15
XH8A76,9
IQ7LN3,22
LYRU4V,15
Y9M7FF,19
0UF2L4,10
MOM7B2,16
RN75FC,20
4H1VYL,41
TR7P2O,19
KRE81W,19
XOZB0P,15
ZNS44J,26
1IRH2B,20
ATBWP1,19
TM2TJ4,15
0ZWDUY,17
LNUKH0,19
TLHXM2,22
XB3OOF,25
43V5GH,17
JIYBFH,25
O6H06C,21
XAB8DZ,19
YMJHSJ,16
USS88L,25
W7BHEY,18
OJBPVY,15
5TS711,19
2FWSMH,13
3V0OCQ,12
XUP65S,17
N15RB8,13
N6INNN,33
A0VKCC,12
JC5NT1,17
7QCPYC,13
DX7WC4,19
GQNE1S,16
73LSCH,11
5WN7YW,15
UF47H3,16
BIP3RA,10
1Q2AP9,16
VWSQW0,18
8G27EZ,7
5LALAO,13
MIDE48,15
MMZZN6,13
0YEGWM,19
YWYXIW,26
P07B3W,17
H8GFOK,12
59O2KJ,5
XL5QPH,13
HPGJSY,10
BWVBFJ,18
SOAHT0,17
GLPLT9,7
V7NYAL,21
L0KM58,16
0RHNZ3,13
L93TD3,13
4PSK04,12
3MVSE9,7
R7LB4E,11
E7YC0I,12
N5DSNC,22
J0YWPS,14
4I4AB3,38
WEGSO8,12
F9YMGJ,19
EB0OTR,13
4MR0UY,17
UDLDN5,20
Q613DH,30
A27MXX,21
UHQKOP,14
R7NKH1,28
68HHI0,12
QW1HKN,12
KXRIK9,24
DZ93RL,19
CZQ28D,25
7XYDAM,17
FKW6TH,16
JW6RW2,19
YWN91V,15
47IXWK,17
XY424C,28
L433DM,25
3FX016,25
497G6S,25
ARBMXE,24
5XWXRQ,16
LM9CB4,22
0I29RS,26
D86L1A,19
APYUDJ,13
Z106W0,29
QXVA46,16
SU21R3,24
6OI6S0,22
YX7PV8,17
VY517W,20
3YKTBQ,20
6B5LP6,17
R46X2Q,20
2F00YM,4
TWAVKC,12
6IN4BH,22
SY8NK0,25
V7M5X8,9
OUU1TL,18
UXM3PY,14
GG3A5R,8
OBW7Q4,9
0SBCW7,15
YPKP66,20
JHP8AH,23
E8JD47,14
C9VNE4,14
R3V7TE,8
VQJJO9,21
8QAC6Q,17
3XS6IA,15
2NB09O,21
2XSLM9,21
9YLOLE,5
ZERO1N,0
UNKVM6,24
H8T39Z,9
ZA4J2E,14
QBEQYY,15
ZF5HYF,14
L91ZC0,17
S8A259,14
TDARD2,14
2U02CF,17
SAIFDJ,7
UQ9IWY,12
V5C2XA,15
KDBOXV,19
8JNCK8,12
T6VU2B,20
1B7LYF,13
YZ7LM0,13
T1X4TE,38
W9AVK5,6
PJD5Q0,17
66B36V,17
XO8377,22
2QR7WY,13
ANSN2J,11
3K3DOG,28
IJGEAL,14
I2I41D,14
K0EH46,10
VQOMOR,23
5GI9QW,11
XLKAP2,17
OT7KZY,18
41Q7PG,19
PZCX2S,22
UKRQRB,19
GCW0O4,14
OA19WV,18
AG4HY6,10
QNAUGN,11
ZKI96A,21
L83I3R,16
2KMYUV,13
NQSXXF,24
4P0I7D,17
CHXCRE,13
IJS8T2,11
2W7A2E,25
E5EOPL,33
WG3KNG,27
FTQC89,6
ZNVXBB,12
8PG6PS,10
48IIP7,13
VPEQ14,14
NIL4WW,6
ZPFBZ2,7
5WO7RE,16
XWACG3,21
6AGT2B,29
JKME5O,12
9I4SFN,16
NLZDXX,27
WIUHQL,9
6Y0NHF,10
KLIJVC,19
4GC0VV,20
BRONAJ,15
Z8U8MO,26
19L48H,20
I6ITD5,12
SBYXNI,13
EMCMLO,22
3D6FO6,25
YSVLCI,20
BCBHYB,13
CGEBCZ,23
DSB1ZF,18
HTQUML,14
MLQ4EU,16
PN466D,15
KU1OQD,28
AU0V7F,12
3O3K9W,13
9V9FZH,15
KKN08B,25
R0RSQT,19
K5PENG,18
11ETCX,15
6EDLUL,24
HI4KZS,17
1L72W5,13
Z6QJYH,20
HP3WWG,29
118QRJ,11
NHDDOH,12
LYGTQ8,31
Z2MU1F,10
IIRP78,30
Q3IXPD,22
25S2KK,22
JAYKCN,14
LYSXP0,17
GJIYNV,7
K6G7DN,16
5BBXX2,39
DA9IFI,14
JSBWLB,19
VN6LWB,4
SXYG9G,21
E2VRZE,21
2QOAEW,32
O359W8,18
V4EC5F,19
QJEI8T,16
MMFI4M,26
7J03ZG,11
LI1I5Z,13
M1KEHH,18
B0V1ML,18
D41E28,13
H1N5HQ,13
HCECPQ,23
43BJL2,9
SZT49U,4
BL098S,14
FNNVAB,13
UGUP7A,16
8BWS4Y,16
AQKAHG,8
E06HS3,16
X3RFY1,20
H02LXQ,19
EA7YGC,14
FPSSS1,14
FCOSIM,13
43PJPR,28
KD3271,31
DPCL81,13
G5RTBG,20
ZXX1CR,25
UXAT1V,15
YJ08TX,22
PE01LK,20
SE2POH,20
2CFOKG,13
X8JIZZ,16
T6TGXX,14
DB17J9,15
CD5XHD,15
C5DVL1,15
RH3JMS,12
9T3SVJ,10
MTEIBH,14
LGYMRT,14
CKL3YP,13
LPAC6G,9
5XALSK,22
I7E7P0,19
M7MX5D,19
8VR36I,7
0FZCCP,19
PJ0BWO,5
JQJMWG,19
F20QWX,13
YKKJOC,18
TZAN70,14
VDCFSX,12
YHJV2L,16
EAP7EA,22
98N2JX,17
ARQCN8,14
TFVKQL,14
9SMEJA,7
N9TN4H,22
QBL6C7,18
0UVFYK,5
XCC3II,15
Y87ET6,21
3QUENN,22
2759MK,26
HIVFEW,16
C84CTP,4
N1FF4R,10
OQFBNY,23
452S4W,19
HRYNHG,14
ULZDM3,14
F0FRTD,27
EQRUL8,20
QX0HFD,4
ZEHOO6,18
QIT3MX,19
JEZUX8,28
4IK1VT,23
4NUYPK,5
0H0PQR,13
ZZY7TR,5
EAQH5L,22
1V88T8,15
9ADCBO,28
55QCDM,12
MD9O0W,17
DQ6OP4,14
RFFZ6O,14
I6ALXR,5
J6EGHO,10
WDP179,4
11O6R2,22
XPFY2S,9
2QL6MF,17
6LYSRZ,24
E7XHYD,22
WNDJ00,17
UW5QB4,13
EWWMVC,9
0JCJP5,12
Q4BDOE,28
WEJY07,21
UI30PG,30
4L8H4L,10
TQ7YLH,16
XNP7BN,16
9NWM48,7
0YJ7UG,16
2ZK3EV,9
6IZVTP,30
EIBV25,22
5HR58M,25
RFJOWL,8
CVEI5G,16
DG82TG,13
LDUYU1,17
NRWS9Q,17
A7KKBA,3
6CAA1R,3
TFNLSE,20
SEI75V,24
0QL3II,25
OXV9KT,21
SNFMEF,11
XU0FSX,16
GSRHL3,11
PW7Y0F,13
ARRKH1,19
X8MNGW,9
2JC569,18
WVDUUV,16
8D72EK,16
5GCPI1,30
2A9F4T,10
EXFBVK,24
ZTX0SD,7
LVOG5Q,19
A40D21,18
N94JZ6,12
PHHRCE,16
IVSMK3,17
Z70SPJ,19
V5J41Y,17
IA1GTB,12
16LDID,13
KVKVYG,18
H4D6NW,13
3EJ7YY,12
PKTUA2,31
PZYFX6,12
J94RVV,18
L02SBA,26
30A0B3,7
1YGHTU,25
10CTNV,12
9CH29O,14
7EDNZE,11
P14LK7,9
N0EG3Y,9
XLNS9C,17
6P8QE9,19
8PDCQI,22
74NEIO,16
AOM0DP,7
H07VBA,27
YNJOY1,26
N7M8O4,24
9T8NMF,16
WDOJLI,19
XK3CLN,16
EC2QQF,14
60I4KK,11
GJ0R5V,27
6BOOPV,18
Q3FWYX,18
58UB2J,18
P06U7C,7
6J3XI3,14
KA78JM,19
XA5HDE,9
WO7L38,17
1GY3GX,7
WJAN9C,40
TKYAN4,10
22DKF0,27
XHCS19,19
CH3YLG,22
YPGLLO,19
HKCW0W,14
OTI4LL,15
84PXXQ,24
15CJYN,20
LAH79W,11
4ZZ08T,20
KU2HRN,15
TW9C42,15
B1DL7Y,14
9VWI4N,20
SWV18K,19
PS4F5G,11
VF31B3,10
RGGL7O,16
CORS9X,8
VN8SWX,26
MGUPL2,31
OVWU07,10
N6GCD8,19
XUMGN2,29
5VQOH0,20
TZIKCS,33
6JGHIB,18
PQ9BLD,23
1S3XTZ,23
0UEXE1,24
R5O3CX,26
V7U32V,15
GHA4P2,32
G11YIW,15
49CX02,16
YBMVBR,29
P1HW8F,22
JX26LP,22
YC8DMZ,17
DLH3OS,21
FY7DQD,26
SPY38H,26
XYANTY,16
R59JGA,16
T3ANPN,5
TYEJSU,23
UHST9H,18
6BC5YN,33
IMNRTB,25
K7KW7U,10
0DSD6U,18
C1N5U1,28
LHZUC0,11
A6ENHK,14
VCU2SX,15
MB98WQ,14
U41FLR,27
T3YDA7,12
XPYIDR,28
8P9BUJ,10
FBMHAW,19
8Q61T9,17
IX14HA,34
BIDZUJ,14
3Z6G0O,13
B95AQ3,22
MD0PAQ,8
BRFPDB,15
U8P229,32
DIHBRI,12
2W4TAA,12
TDI0NP,18
1KS19Q,16
HBYEO5,38
SJQLLR,21
SW0PAB,29
98HEDI,13
PD1ZWT,11
U2W2K6,11
FGU03J,14
86BMT8,21
9VKPJ6,21
93B5I0,28
7A0ONV,29
0EPCG8,31
LOMDUW,13
4UTFKP,26
G03J1W,23
H0KRTJ,22
7TU8KQ,9
F3DEPQ,22
V0O6KM,32
ZH9A3M,14
Q743P6,22
9UUSG8,18
2R43RC,29
K1BIT5,29
KSRLO8,17
D4U01V,15
YORIQG,15
VQXTNC,4
WMWX4P,25
C472N3,29
71GHVR,20
EXKK1O,9
JXHIWE,14
I6HP0B,18
DHHX74,16
TV0E9C,11
MCNFYA,4
XVWRQ4,14
J7QLNW,8
F5M26Y,11
SC7640,11
FAI5P8,23
6ALUUH,18
ADJSII,35
VWL0MT,23
BSNKZV,14
WKUP4L,11
E2ZMZ2,6
L9SRQP,22
KAL3OR,16
KSL59U,19
Q7D4ZV,20
0YND2A,17
7GQ5SP,8
MHNYO3,15
EJNS8Q,22
25W45L,12
TDWMNA,18
D8D58N,11
4VEF59,35
D90OEQ,4
BNZSHG,8
U19BXY,16
L0H91U,10
KICTJM,5
BM6WYV,20
6K81G3,33
JI8OY2,11
9SPYBU,18
D8GHQG,7
2OS65H,28
M9NRZ1,17
HAH5JS,21
Z53O1V,17
CZRG9K,22
KCQL75,24
8LBW9M,11
35FWDB,29
BF8UYM,10
JP9VLS,8
E74BUF,19
HHOHD7,13
1VMM02,5
CEBC5N,21
7XQWFM,53
0AMRMU,13
AFNXH0,14
RW6ZPQ,17
D3ZRI5,6
C5OVD3,20
X1QP1M,22
AYR3WK,12
JJK0FA,14
20SCET,10
FOAZT2,21
OPLTGD,20
YK8JCW,18
LVW9NJ,14
RATV8Y,22
G3HU08,16
MNW57O,12
5BHCRA,22
NG998Z,23
EZ053D,8
VNLZF3,14
6QQAWF,19
4RTGQJ,13
MEYUMG,22
II6DTV,7
BBM13F,25
R8DWKJ,7
27ZUCP,27
9NW9Z4,17
BBRPFR,17
O795A7,16
FCPRA2,22
3A7MKL,9
6D3GZW,24
98YAF7,20
28LOON,20
665BK5,15
UQN065,6
SMZFG2,12
574MQV,8
VHNLLE,25
VCPLOW,12
EEX3LH,19
607Z0L,31
FR0ECE,12
GK8VYB,17
PSZEE9,12
ONHABY,10
PRL364,9
0OUI05,14
0D1KC7,7
5MD8A7,20
CXGYM9,15
GRFBNR,11
P007BG,14
SMIEYG,25
PMPWJZ,20
ETEYSD,19
58AYXX,6
BQYHNC,13
5Q9A2S,14
JCSN0G,8
ICBPIR,10
JR7HNJ,24
0T98YW,17
8VTSJI,12
DF3EGH,18
IPPOXM,23
35W8H5,8
OWXKBI,7
9AO0R6,12
YI98ZZ,18
WM5CPG,29
REA97T,9
ECKCQ9,27
8EBOS6,15
DYHEJT,19
41BTK4,12
S0GUSK,4
FKCINC,9
KK40UC,15
BDXU9Z,32
L05ZU5,10
TLT3DR,15
7KU32E,12
E1LHN1,12
BGK051,17
X64W08,4
I186SV,4
Z8TNWY,25
ZN8RJN,11
SNYBXT,27
6QRG9K,22
M5SLC4,4
SJ9EYC,10
VT679O,24
I85NYT,7
1YINJU,32
W9M050,18
SGSTYZ,30
DE5BXJ,15
I7TBIE,4
Z3RQSG,12
I8KVBA,11
JBOY7H,15
ELTMJU,6
THYHJ3,6
M928IF,3
8HEF9M,20
OY7SPX,5
XV3LFT,16
M4O5Z0,12
EP9XW1,5
JUO0VM,8
Z8YSGG,33
RPCTAR,11
V47RJE,14
ILR1IV,4
PLBR3V,4
AXRUCZ,23
8107JL,34
UQXCBV,27
EYGV3J,23
7RBQ7G,12
S5F85T,25
CGMI83,18
TDFYHY,17
HO77QY,27
ESS3P9,18
9GMS0P,27
597NVM,10
0EE96Q,4
BSVBIE,19
ZMJ0RG,28
KMHFL4,32
YDXRFI,5
NHX0Z0,10
Z11P9K,28
QHQ64G,33
YQFKRS,4
1EUPH9,10
AQSNQY,19
76B87T,15
EIZGSG,10
02FPMQ,28
JUW6D7,18
R22BWG,32
GXYZ57,22
OD7JII,22
MITCXB,15
9OHAYG,17
WRXO6Y,20
9N8TPS,20
PA8EH5,8
EPLL5E,17
G4YRG3,28
YNL9W2,6
TU9ZB7,17
XYELUJ,12
3M8IQ0,12
VF1F3C,33
7YY6LC,8
NS5Z49,10
VZVSPP,11
5S6CBF,19
U8WSXS,17
3KT9T5,21
GSE1VM,19
OZNW2X,15
46CBLT,15
IJYIL6,18
N8Y0X9,12
XELNKV,7
P71ZMN,9
LKV8TJ,13
78QYX4,20
FB8C2X,30
FDVYPZ,6
OZMU4N,11
RGY1T1,14
JYHEOY,4
EM3I5E,7
2956MC,15
B9NJCP,10
BMK2V9,7
D1TK8Z,5
P8FAMW,13
UZ3YA9,17
8WTDYC,22
UDR78E,4
N6DUNA,11
79O4EY,6
R1TE3B,17
G21T8B,11
SNJ575,25
A8HE5X,16
ES3O3C,27
5EG3E0,15
0HXM9V,7
FQRXOV,16
LLJQXP,13
F29I6L,13
LDRZHK,21
HAT0RQ,20
W33XZD,17
G2E02H,14
C8EMH0,5
MZ1MC5,11
YZW8HQ,15
XD25PO,29
WGAWVD,23
9QWUBB,11
YIQPKC,12
VLHK3V,27
ZHV1KS,17
4SJPUX,10
6M9JCT,20
E6NNSD,32
PYG0D2,13
S2CHWR,28
SXLNEO,22
3D7QVL,9
7K8MRR,9
M8P6WD,14
YEO8LO,11
CC9K0Z,9
WWDCUQ,14
LX7G4S,16
N0ZCZG,11
38EYE1,25
EQ8H0B,32
77RY7Q,10
1H1CR9,16
YA2VFV,14
LFG7A6,20
OF5O63,8
FCKLWO,19
HCBEW1,12
GQ036D,12
CR0P4S,20
3BT202,17
7WN1GF,32
5DBYVI,14
CY2THL,19
AZU4U7,22
CTVATY,10
FO77PT,13
UCCHWA,28
HIO5YH,23
TT9DXX,37
V3C60V,10
C8B7DL,26
8D5512,14
P01L8C,11
2SKWHF,25
7ZXQGL,21
4NRHST,16
V6SWFQ,7
7QXRWE,25
HCVL41,16
Y1F745,11
3DK3WD,18
65D0M5,17
TEXHLF,15
ETCCXJ,15
YVADXN,13
XL76CW,11
USGJXH,21
5LUF62,31
2Z9B8S,20
1IGQ9B,11
9NSAVU,13
WXXUQU,10
MR7YWU,16
935TBV,22
7DP4K8,15
36SPLW,19
YGMM2A,27
DTNRMY,29
9LO0BK,13
O6T2A5,20
WBCXGH,28
706LWX,20
RVFYFD,21
QR75PH,15
P27R07,22
DGJBKO,31
8KQ3PU,26
RKK6YT,19
1JIKBG,17
F0XL7L,5
K2OTIN,24
O8B1DC,26
DNIOO9,38
7SH9LF,11
O503ZK,17
CF0KR3,6
6Q5D45,17
FTN6S8,14
IHXNOL,12
W86HK1,10
R6URU2,29
9VO33U,23
W46U4R,28
SZFCK0,13
9HYNJX,16
TZH34Z,15
J1RZXR,10
OIKOX9,21
KC4SLE,22
0RNF7X,25
9SX74F,23
L31IQU,19
XZ2XPA,16
DT99JT,11
B8YX2T,13
MXSC13,19
HPW4YE,24
6RPGLN,27
50WMZM,26
AQ9KAN,24
JJYHUY,23
7QHWHV,17
BT4H4Z,17
PTB5TL,21
NIHF43,18
ZQ0RB0,15
OUCD7Y,18
4OZ1MV,2
PKLAEG,33
P87P44,12
0PU94N,18
1J8FG6,16
AR8KIR,21
D8NH3V,14
N3JLKU,29
I2J1AH,24
273FSW,17
O1PCEA,19
5MWJYN,15
3QE822,12
0WRLMO,9
W1HXZQ,14
KO3GQK,14
EAXRDK,9
R01I76,17
KA0LNL,15
B44HB6,20
2PG4LH,14
T94FNT,4
8EUGMY,10
PVQ1SU,11
RHVIP2,11
494OLD,23
F9AL5F,24
HFY1RU,12
83JQL8,33
XP4QMR,6
0DJIP1,15
4N3QQ4,14
58OR9D,14
2HIBBP,14
WXLM0Q,25
8RB7DC,27
WH0GEO,23
7WS8WK,14
FZ3KKX,7
COLM80,27
6VTAU6,21
UZY2U0,33
D433EI,32
68BS0M,17
8H5QE0,5
00QT36,16
PX7331,11
6NF2BS,22
YQDKLZ,13
6X9YIY,5
Y2ACE4,7
NLXVJ4,26
53YGVU,6
1X533N,27
MZDBK7,8
L81TKI,7
YTEEP9,5
6K7HV0,16
C7XBBJ,9
M469UJ,22
BN8U21,3
5W3VGD,5
ZFRQII,33
0QBDJG,14
RN06N5,13
PND4ZW,13
YOTY3P,8
5X57AZ,19
S5Y71I,19
WZZU3I,19
N27JCV,24
FRSUGF,16
E2UFXL,8
UYOTZG,8
J56Y19,17
B0Z1H4,19
39414Y,18
0DN7NN,10
1TWM31,20
W3JIDZ,9
OOBWFA,13
606MYC,28
CJXGBY,22
1VBWLA,28
UGW7FJ,15
4TEL52,24
6OYKLK,12
IOJ1W3,12
T2KFQD,8
QJ072O,24
NIMDLJ,14
S9PWVB,14
9GQAKA,17
ZOR5N2,16
8VQ56H,17
6IOSAI,18
2ACUGO,23
15G82C,22
JG57XC,13
WHUH7T,11
1G7VPQ,10
RCGK5L,8
6CWWSP,6
4Z5Q3U,33
5JLE6Z,20
VBI6UT,17
USDJQ8,18
T5Z27B,18
FCO7ZK,12
T9U510,13
5ZHX73,6
EAFJBN,29
DW2CR7,21
AITA59,17
ZXGLWE,29
ZYTTRR,9
7RPOFF,11
883Z15,13
F7YVGY,10
1881UA,26
01UQNL,9
020G0J,17
6W7FE4,16
585HQU,10
MNY1ZQ,9
33AVPY,17
8VQPJ0,18
4TUXMW,22
IO80EB,22
89G5X8,20
QIVYGW,12
UUNYY8,21
5F581N,17
7LT4O9,35
MU5T98,17
P12HX8,14
F92ADU,12
3PRQ2Q,22
TZWE6E,20
MF3WH2,16
30PUZ8,29
1QFCVA,23
TRLWI8,10
2I9OTG,19
6Q6MNU,18
I9AXJZ,21
OZC08Y,21
IZ0G5Y,22
CUA82L,9
0DCPW2,18
2KNDC8,11
YUN3RP,16
01T5A8,25
PH3OUS,27
268HHI,13
OZ73KY,18
9EW7T2,10
3WWV58,7
1VGJLZ,29
A3YQDK,19
A9391V,3
LVY4RR,26
J4T8KF,18
GNRNQV,15
RZ5Y8Y,17
EFPUUQ,3
2MFPXJ,24
DTXX96,9
1R8POS,13
YXXR2Z,10
NKHIFN,20
OFMDRA,26
1V45FC,7
GTJVBI,22
K5O2R5,8
7CK5C0,13
9V6EIX,19
GGUWSK,5
KZNU4L,13
S52RDV,4
4VONJ2,5
OA0Y5B,4
KFAVJ5,11
VG9T7C,13
VUNSOE,9
K711ZG,19
OSGCEB,8
JDZ2NZ,12
HRHM98,5
YGH5RS,12
NDSC25,11
6Q5MAQ,8
C91NW7,5
NBWPHF,23
6YOJAT,13
JN79V9,18
74MVTM,5
23YVPS,20
0A8YCA,8
5JCCNF,21
U7SMEL,14
RQ73BS,15
2LNK4R,13
FFZ1KT,16
XJN9O5,16
EJVE8Y,12
1P0DT3,5
VNGS4K,15
CXQD9Y,4
Q94644,16
VHF6S2,11
HHPCV1,13
RJEXJ9,20
4AH03R,12
QL1MR6,11
7WF2H2,5
99N6V1,5
8WWY71,16
JN99CI,21
576Q6K,6
UORFKH,3
7T2KXV,8
SO6LYO,4
ZAPXVZ,16
4ZUMVS,13
LMLH3F,18
H1N4ZT,7
SZ1Y7V,12
LZGJXO,10
MYD0UM,15
RAC7NR,13
1WU6GZ,4
PNPBH5,13
OS5YYJ,3
YFBWIA,3
CRF6QQ,6
QQKYFW,9
R13UPW,16
8OXMXP,6
U226QH,5
5UJCYY,8
WXW83B,10
9P1V9I,4
I16F2F,3
2LTGHO,19
67MSIL,3
O37KUA,11
JOJUJB,3
PNO80C,22
IBUO2Q,9
KX74NH,11
DYSTI3,11
AD30N5,5
DW1L8F,13
5W7FUQ,7
DXDZOG,12
5SKSIQ,7
8CU307,9
9P1SZ3,7
2F5C99,32
E86BKH,16
HEHKGU,12
7LVPOG,6
0ZADJD,5
ZRMMGG,8
41ONPM,2
DQ3FC2,3
FGAP4X,5
55KSN1,8
CY5KY8,14
GMU90Y,5
0FN6U4,23
7VP61U,18
VQ9X4W,9
GNCGFD,4
D004VW,12
DBV6B1,7
6NKUNX,9
3568L6,16
YXVSGH,12
M5SXZ5,4
UGOAJQ,17
43S72G,13
10ESEM,5
HPAXI8,15
NJJG3Y,3
L1I0XK,7
ZQO0JI,12
5Z8JES,2
KMMVPI,19
SWSDH4,5
LDBRSR,13
XARE23,5
RRS3DI,6
OP8C85,11
1ZHGJV,8
IBJBJM,8
M3BRAI,12
J19J33,8
8VD7ET,12
OQ6WW4,4
2H0T0I,14
ASQFAU,5
9ZSH2V,5
H4X0HP,7
SIPR6J,5
DCFHCQ,15
CY3X1S,6
C4YGYM,5
WC4YZB,3
1NAWNM,4
MS9LC8,8
4YHR1X,12
3XHMV1,10
UYNEA9,3
MD2A1Z,12
3I1FAM,11
9CRQ7E,13
KWL5TN,6
KVP0C8,16
T999DF,10
60OWKJ,10
SLHHGC,8
JE3AXG,11
0WX6C9,2
WEYWB8,13
P97DIR,11
N4W00P,18
DVI1T2,5
4UU3DY,9
I6FI7A,7
SGM2HL,7
3R7W3I,5
ZO7HQ9,8
AE8R1K,21
QVTDQF,15
KI1DQY,9
6NNGMK,9
M3JWBK,5
WZ40LL,5
6FU49Y,13
IXWMES,3
YR8IR1,5
QQBPNS,11
FHZGYY,11
IZI9OH,10
DSCOPJ,12
ZEZ1UL,11
OG98A8,14
VQ3TB1,10
OU2HHD,7
SIT8A3,11
IGE895,8
ZEM2JU,9
OR5811,9
ETWKAZ,8
XKPUKL,12
X07L2O,17
5D2HRA,11
WLKZIA,11
075RKJ,6
EBECJR,5
T271KX,9
VK6VD4,10
RJFQIE,6
45OVMP,17
NEABY9,6
XHZDJA,12
K8427D,10
NXKL5V,4
6KV3GS,12
DOEVHS,21
O2TNGU,8
0FPRZ7,9
5E67FV,5
MZIU43,9
Y9V4XP,4
2TBATD,4
S0GR7B,8
I1HLVR,8
XY0JWO,10
EYLA0N,7
W73HP5,7
E2D12G,11
SSAHFI,11
50NV1G,13
PQI34I,5
8N4B0J,10
DIQK6M,6
S1GMH7,4
YQXKZF,8
OU2ANE,9
RGOSD0,18
Z2WH48,10
XBM1TY,7
J4KFKF,14
K5CLIZ,9
ZUF4PS,7
DKAHL9,7
C37PH5,7
8G0GEZ,11
0UD5GT,21
PHP0AU,13
6VMGZJ,7
LK8CK1,11
PLVMFV,12
5D690X,8
TJ5KNB,5
20UNKY,11
XMVR1X,4
72FR15,12
LNB4W2,15
V0H59V,12
7RHIZT,10
WWOPY1,17
DKE16Y,16
WWPAW4,10
VQHQZP,8
4WM9Q8,24
5E3M82,22
LZG4QN,16
GJQI3G,10
MNUXBH,15
R0GS9E,14
JH0WVR,11
YEGUT9,16
M7QOQ8,8
B3Y2EG,6
GJ68PE,10
K414MJ,7
NAZYR0,24
TZC6LM,5
EB5SBR,13
Y2NQBI,12
C6AJH1,15
1CHKRN,8
6IO0QU,13
XL22X8,14
A3OU2Z,19
ALO4XP,8
IQWIH0,9
SR12IM,14
6BCNGZ,7
RKYHIR,11
2J9YXH,13
0MP1QS,2
SQ7OSF,10
ZA2IN2,14
Y8K89A,13
PSRM8J,10
2YWR36,16
1TL9YS,10
EUWMFS,18
B2O4BF,12
0DGQOD,16
8J25H7,11
W6ZFZY,19
JRC824,14
SB9IVG,13
52ILZW,13
J7OTAK,12
W3G22P,7
961OGF,8
CKSPQ2,11
MWPW1Z,9
FMYHZH,12
4XZUVG,10
T0SBSF,11
1M2A58,11
KN5N3P,9
MGP44F,17
4JO6TW,4
85NJE2,12
Z9SWM2,9
LS8UI2,15
8A8Y0A,12
PONZOA,12
PQEV8Z,22
78VCH7,17
UYWFI2,11
1FNT29,9
DNE6QM,16
CI6UAX,8
FFP0P0,22
PNR70R,7
1HVQ9G,4
DXSF6D,10
U5QS1L,19
2PFYB5,10
L45185,7
EY9QT4,8
7J671I,11
MXM2BP,6
B047UC,15
7L79GQ,10
0VR7HN,6
IW13PY,6
4PIBQK,14
UIRDG8,11
QXK1UU,11
EQVBKC,6
OL2RTV,14
R6X1D3,9
TS353Q,16
HXD9XD,19
IN5YIK,13
PW1MRN,8
VN6UK6,24
5PNDNV,13
NTS1NZ,5
MX3HAC,13
7O25KJ,16
OGYCO2,14
LEMN4Y,6
T9B1FU,23
LIXOLQ,14
R1GLHZ,9
XET1JZ,14
WC5JAA,9
CR80PS,12
Y2EB8F,4
VIH6O1,14
7ELRO2,9
GHOBZK,17
1RW30U,15
YVU1N6,13
BYO80W,10
XRD9X2,12
5HD8T0,18
Y6Y3BO,14
7W55BH,4
LS2TXA,15
6QN07V,16
QIJJRV,11
RGC0NK,17
FCMMWC,3
9GZ2SC,16
D67KXL,8
Q2WR8C,12
UBCFV0,11
CHWXLE,8
POZRNE,9
KBK8RI,15
QVI81A,14
9S0RFE,15
GKH0N2,12
16SUZJ,19
QJATTC,4
0GLTJT,4
Y14KXX,17
DVQ5J5,14
8ZMZ08,8
9LZMVV,19
M2WA0L,16
50Y61P,14
0JBCK3,15
H6ALM7,18
JRMW8B,13
S4JDP5,14
ZHU2DD,11
ZF8HUT,13
PQLRU2,8
KO3PJ4,10
WWQF3X,8
FQH0WH,12
J258TZ,10
2VY0VQ,29
5L7RNL,11
YPK9UK,20
NVT0U7,8
DZH5J4,15
L8MB41,5
V28HFK,6
6QN6KH,14
YTQX1K,12
LYG0SB,11
S5EK9C,7
KNZ8PG,22
RAJD6P,12
LC08PK,12
1XIT2G,11
62K3CF,15
P0MGGX,20
76AA4O,22
CZ43IU,16
PHBHP0,9
47S1X0,10
UG5S79,11
ODFGYC,13
XVZMGS,8
X4VQDU,9
D9NI9K,9
C0KJB2,5
9JNFYR,4
D9C5ER,10
ST7HL7,6
2PPAQ8,9
O5MKO8,14
IRMEDY,11
9GU6VF,12
KYODSV,12
6EV43Q,4
MGUK88,12
OALPLB,22
7FXJH4,13
25P4Z9,15
YUKTDI,10
JWNPDR,16
T5WH3K,5
Z6G6TW,12
BIFN9J,8
BTI7JI,9
1NCB29,16
J1UNLU,18
C1XKM4,8
7YMMNA,13
8F5D3F,11
LHXXYG,11
RMSBHS,23
XAZVCM,13
61RKD3,9
H4FDFG,19
QC2FQ7,19
NM6K9N,12
LF22ET,14
HH616C,19
0WAI5K,7
0AXSQH,5
WEO9V1,5
6CD5MO,20
L9ZDIA,14
Y3QRZZ,12
E0E50Z,22
QXYERH,5
M0IMYW,11
IEMJXX,5
MEH2F1,7
IXWTMJ,5
OT4UP1,12
VDWWLF,8
LSM4WT,16
RZQKF8,14
N3NK75,16
JU4U7O,6
QO20K0,8
8W01TO,14
B63ILH,11
MGJKE0,20
KJH1HZ,10
851YGA,10
2QM21A,14
9OU3J4,14
JNDD3M,10
VG1BLQ,15
EFOGFW,2
L21WSM,8
HZO1B6,10
W1X3F2,4
Z3YHVU,24
DNFI6M,3
6CLPIC,14
27HR5M,13
XNPI13,19
WY9XEE,11
ZFSI35,27
6P3ZET,10
6GAC4M,10
E0LRZD,16
IJUO0U,7
HGPWSV,10
KUL45Z,9
3U1DK4,10
EVL94W,8
2JV0IB,2
TCYIY4,11
DFRUSY,11
M2SP4T,5
OUYM06,10
KGPBNY,3
D73JYE,12
QL6F5A,11
9KF5SQ,9
XP8USL,12
QXU7NC,18
OI1RID,21
B59FJQ,11
NRVXTU,16
73IIHL,13
UTF7OH,14
OD3EZN,11
P6S5GV,8
9S0GYS,20
GZXNTL,13
JKDRDQ,16
UV8WD2,12
0IOIK0,11
JCSZ1K,29
SVC3AO,12
P0J97D,16
RI1E33,15
YNRG0I,19
HQ8LOT,17
RU4WOU,14
98AOOP,14
ZDR8KO,24
ZQFR8W,14
6AHG7V,9
ECZP3Z,7
BJGKGL,4
JVNUUW,17
XB9X90,9
WQDWAD,10
95AU05,15
GIQ9CR,9
5SCZAP,16
DB9ZG9,12
5VIFVI,14
PT0E9M,19
FP6FS5,14
3P44OF,12
38PFFQ,14
1C9ZCM,4
2I4WZS,19
WN8TEV,15
3C2JD8,14
0Z75BD,3
8MN3EU,12
LQF0IB,16
J2GVDU,11
BD4R99,11
0WKUH7,13
CM9COE,18
FKHKR1,20
5E1NZX,15
9BRIFK,9
HVNV17,9
P69ZXJ,20
FFO3G0,9
X9V1AQ,9
FYT51N,14
4M1RS7,15
UCYQPQ,10
RV7XHW,13
H2SBX9,18
X1KGSZ,21
5I74BC,13
3FKSJX,6
K7OKB8,6
S8VKOH,10
RJVB0D,16
16Z4V8,13
ZENVYW,9
ZYBCUM,8
XCZFNJ,5
4SQKAR,16
M78EL7,17
1SIO6V,13
2LSZ4Q,17
TN8IHM,2
NIWMXB,6
PFNBSV,13
O2W6KC,8
Z5VZ4N,4
UPV9P2,5
OWD1NJ,2
Q9J4ZZ,19
GEW954,27
SQJ3TZ,4
A21A9V,5
1W0BXM,19
A0DPP1,11
5A0CZI,7
RPCEKL,12
A9TZ28,21
KB2WC4,17
LFCQ26,9
T2UIVY,15
VSSZLN,6
EPT91V,9
9K72QD,3
8ZFLR0,15
73N9A1,15
7UFM6P,4
ZN8Y97,6
JA2RL1,11
0GVONP,7
CG67XR,19
GL6D06,7
G9EULE,22
KAMXGB,11
I3AG18,14
1Y9BUT,25
4Z96H5,5
0PUQ07,11
HA2AV1,11
IOYDU4,20
GUM2QA,8
EK5WSA,4
DVI9WD,7
WOWJ1B,14
6YTB6F,2
0BVNPK,11
SQU3O6,8
EZI9YW,16
O6U97G,20
54YG44,28
CN88TC,10
47WS5A,11
H4JWVZ,11
E79ULY,8
CRW7EY,10
YQNN0T,4
TOP9OE,7
QGNPPN,21
XEXK4P,6
6PWWCI,8
LFQK0C,2
BE7L2D,9
7NG4Q4,10
07E26E,9
00HNA7,10
SIWZ5O,10
5U2ZPH,1
FV1FQQ,7
00U0JP,13
BIQWB5,7
0OJJ6C,18
P02V15,10
IYIC92,13
C5U8O4,9
VJI8SR,8
UI3LV4,8
KRQSRY,5
4S5900,6
A2R8VU,5
N22SML,8
Q4YEDZ,9
51OCCR,11
EICEE1,10
68ZZRA,10
87RZ7O,5
23ZWF1,10
05HME0,6
W8AOKJ,12
GQXIGH,21
STYBBW,15
ITQN2V,5
MOD3J2,8
FH4NK1,7
WSHYJI,10
2WYRPM,7
4UJ3PI,10
4ZE7JM,19
F7DVHJ,24
GE3PBK,18
JM47CN,11
OMQ6D4,5
YB67ZO,12
2XUZP0,13
QCS2TE,7
5KCSSK,24
NWPWAZ,13
2K2B94,9
NZ0H95,4
V3VN9A,20
W8UH4N,3
6FMEWT,25
8E8KJU,7
XPAZEC,11
LBZUOQ,10
MY1XEI,24
M5AVS1,17
T9116D,22
XZHDUJ,13
6HBLAK,5
BBEP42,22
YYXR3L,15
9GJKXV,9
VD0E7T,11
NXZMJ2,9
WKSMPE,13
NHL6JK,10
KP5DQ0,11
O5V6DX,10
096IVP,10
869J3B,10
JUWYIF,12
15RQ59,9
TOL0HM,13
Y10BPT,10
9WXNIZ,10
0OYQO2,7
W0M9I9,6
U97P0F,5
SMVFSQ,12
IT922J,7
UUS0AW,12
9Y89A1,10
LNQX8C,5
X2VQJK,5
UZ4YJC,5
SP7F46,12
QNI5ZN,10
I1QWX6,4
6ZB9TY,13
D4FRDC,5
NH0KZ0,7
FG26BV,4
XZL62I,16
M1O7IK,2
M0T4BP,2
GVG7QH,9
2LX2M7,17
J1SQP1,7
27IFAC,8
AUCYWR,4
HS57Y8,2
DGQZ9C,27
P5KHDM,16